ID,default_payment_next_month
10178,1
5304,0
5187,0
14495,0
20444,0
17667,0
21211,1
7178,1
20783,0
24033,1
754,0
23732,1
6072,0
17662,1
5541,1
22697,0
29905,1
6695,1
12664,1
15392,0
309,1
16129,0
6324,0
23673,1
28889,0
17687,0
27129,0
8487,0
10304,1
14991,0
8380,0
17401,1
15805,0
17839,1
24324,1
5925,1
11137,0
9991,0
6622,1
17112,1
7694,0
23055,0
19684,0
26520,1
8633,1
15602,1
21244,0
9804,1
24276,0
11723,0
23656,1
9047,0
9246,0
650,1
4330,0
27006,1
6766,0
14481,1
18262,1
22076,0
24238,0
12731,1
2226,0
17380,1
22072,1
27390,1
19619,0
12919,1
6537,0
24342,1
772,1
12966,0
18832,0
9347,1
29171,1
18604,0
25368,0
14414,1
4515,1
27668,0
20039,0
28604,1
19283,1
29592,1
5952,1
14746,1
8135,1
936,1
15106,0
13717,1
15431,0
12176,0
26616,1
6585,0
13415,1
28033,1
18775,0
22414,1
13628,1
4437,1
14083,1
6745,1
11214,1
1200,0
24915,0
15317,1
25130,0
21497,0
2432,1
4312,1
3390,1
20785,0
12516,0
17228,0
1845,1
13834,1
2290,1
21988,1
10445,0
11991,1
6818,0
19525,0
12878,0
15762,0
21397,0
13127,0
25072,1
3227,0
7260,0
4366,0
2185,1
14132,1
10094,0
6815,0
10788,0
7364,1
28316,0
23427,1
21496,0
4802,1
23522,1
28206,1
21212,0
12017,1
3081,0
20225,1
23735,0
28396,0
12618,0
21897,1
26866,1
16713,1
3319,1
1177,1
3511,1
29192,0
3229,0
28167,0
17445,1
13853,0
26977,0
16572,1
4969,0
10276,0
18699,1
24230,1
14127,0
15285,0
9057,0
314,0
7726,1
5723,0
9072,0
14107,0
145,1
24423,1
22725,1
20076,0
8284,1
8913,0
6326,1
13918,0
2020,1
8805,1
18822,1
20055,1
1254,0
10785,1
18392,0
6679,1
2433,1
17303,0
23846,1
12631,1
16250,1
26577,0
18831,0
14697,0
20765,0
26177,0
29311,1
24408,1
6383,1
20685,1
3809,1
21273,1
18934,0
14851,0
15039,0
28924,0
20323,1
4159,1
23311,1
18500,0
12312,0
5176,0
29809,0
8224,1
26644,1
21569,1
3908,1
14974,1
19720,0
13244,1
18037,0
29716,1
6784,1
3110,0
26797,0
29080,0
19229,1
16329,1
13004,1
25354,1
7464,0
7911,0
15409,0
20893,1
10835,1
21892,1
25921,0
26056,1
26809,0
13321,1
17387,1
21143,0
213,1
19401,0
19504,0
5788,0
18353,0
2683,1
2159,0
899,0
10693,1
23451,0
18539,0
4715,0
9989,0
12692,0
12160,1
10603,0
13458,0
5694,1
2888,0
29839,0
7413,1
21942,1
9221,0
20226,0
2883,0
14234,1
13370,1
2446,0
6214,0
6431,0
19417,1
15768,1
7945,1
1286,0
15942,1
6508,1
23485,0
23138,0
26282,0
5028,0
24578,1
12846,1
23194,0
15680,0
11623,1
304,0
7304,0
3448,0
28975,1
25985,1
29680,1
1043,0
28212,0
5098,0
17148,1
26345,0
28029,1
16256,1
22932,0
17648,1
13904,1
14574,1
7731,1
2694,1
14342,1
9339,0
19614,0
3209,1
11420,1
6280,0
13347,0
22568,0
22426,0
27103,0
28811,0
27614,1
17094,0
8391,1
14918,1
18374,0
24387,1
5525,1
29090,0
11319,0
19054,0
20881,1
13047,0
8339,0
8866,1
8966,0
24917,1
24622,0
7525,0
23942,0
8918,0
2751,1
24940,0
12726,0
23993,0
10175,1
14554,0
6442,0
14666,1
18743,1
12144,0
25599,0
27155,1
11265,1
26947,0
25937,1
20353,1
11634,0
28096,1
19067,1
18946,0
25215,1
5430,0
24433,0
29306,1
20713,0
16168,1
4038,0
16618,0
10706,1
17714,0
23060,0
28099,0
19158,0
16577,1
18448,0
18991,1
2307,1
13025,0
26861,0
11334,1
25761,0
8240,0
20962,1
12873,0
6196,1
18890,0
11239,0
25073,1
16475,1
28874,0
12850,1
6336,0
18737,1
29149,0
11545,0
14044,0
6390,1
22097,0
7515,0
9284,1
28254,1
12428,0
12832,1
13034,0
10658,1
29479,1
10053,0
4266,0
18526,0
19999,0
2527,1
29189,0
18321,1
11724,0
10898,0
22944,1
17035,0
3120,0
10269,0
24595,1
22758,0
12378,0
8775,0
15093,0
26474,0
16827,0
16201,1
21709,1
22681,0
20306,0
4414,0
25408,0
6107,1
13480,1
14147,1
11558,0
16019,0
28778,0
26792,0
23923,0
7252,1
13779,1
12030,1
25121,0
8196,1
11353,1
21112,0
26842,1
27705,1
5556,0
25388,1
6696,1
23596,1
27455,1
7675,0
25532,1
14328,1
2365,0
15954,0
2508,1
5125,0
4652,0
20786,0
14561,0
14607,0
27918,1
26501,1
9877,1
4979,0
23354,1
21406,1
21135,0
22004,0
5808,0
25719,0
4320,1
13267,0
16591,1
27663,1
20130,1
14669,1
2014,1
26039,1
20160,0
4483,0
16716,1
10020,0
3373,0
7203,1
18089,1
12036,1
14795,0
17211,0
9319,1
5011,1
24188,0
26689,1
8491,1
28752,1
22092,0
24307,0
21826,0
14272,0
27609,0
16810,0
16052,0
23428,0
17002,1
3593,1
7299,0
13655,0
26722,0
27897,0
14690,0
13946,1
18088,1
24493,0
23423,1
3544,0
21238,0
14415,1
21776,0
746,0
964,1
12573,1
1119,1
24894,1
21855,0
23988,0
3640,0
26538,1
20036,0
22454,0
8403,0
11704,1
9524,1
13982,1
13331,1
26961,0
27119,0
2844,1
27690,1
28157,0
6478,0
24766,1
2989,0
1662,1
22734,0
27096,0
21646,0
24197,0
27983,0
28471,0
20835,0
7139,1
8039,1
25442,0
7372,1
17338,0
16644,1
26236,0
16612,1
29075,1
22962,0
16232,0
1325,1
13368,0
6564,0
16291,1
5536,0
27721,1
26363,0
9580,0
21320,1
7649,0
5274,1
4072,1
28612,1
11241,1
1135,1
23543,0
10512,1
23925,1
29641,0
21365,1
16204,1
18028,1
3695,1
28042,0
2878,0
19837,0
7120,0
24793,1
231,1
28009,1
17188,1
476,1
18432,1
8309,1
13881,0
11501,0
14227,1
19452,0
21315,1
24633,1
18903,1
28934,1
12633,0
3780,0
478,1
7917,0
5904,1
14649,0
12806,0
12496,1
3501,1
23998,0
18014,0
9497,1
26439,0
12553,1
9671,1
2305,0
20194,0
5270,0
11553,1
22256,1
23168,0
3455,1
919,1
17481,0
25850,1
647,1
3299,1
4431,0
19134,1
23285,0
26740,1
9287,1
25744,1
5014,1
28395,0
12562,1
15997,0
26360,0
4734,0
26798,0
23660,0
28530,1
20185,0
12114,0
4133,0
6525,0
6292,0
2139,0
4611,1
25208,1
10478,1
9942,1
3297,0
20745,0
2930,0
18747,1
1878,0
22226,0
17085,0
6596,1
29855,0
17722,0
25981,0
9599,0
19200,0
21015,1
13263,1
8825,1
19002,0
11522,1
11994,1
6077,1
1918,0
14086,1
10800,1
959,0
14932,1
19461,1
22783,0
29950,0
13637,1
8305,1
26152,0
8806,1
15649,0
16706,0
17182,1
6053,1
22514,0
29370,1
22182,0
14335,1
6961,1
4105,1
16780,0
2847,0
18869,1
19080,0
18952,1
15647,0
19570,0
751,1
7420,1
15228,0
19775,0
21741,1
20218,1
23418,1
23655,0
5386,0
27091,1
23555,0
108,0
12164,1
7088,0
20708,1
8466,0
19834,0
29874,0
24823,0
21428,1
13203,0
10092,1
7121,1
4416,1
26532,0
23924,1
23137,0
10810,1
8580,1
6023,1
21269,0
9401,1
16389,0
12149,0
25065,0
7588,1
10341,1
7010,0
27105,1
17922,1
23154,0
8017,1
10757,1
20427,1
6105,0
2964,1
12451,1
1054,1
15016,0
23446,0
6378,1
2312,0
15591,1
6938,1
21584,1
4279,0
26794,0
10194,1
11879,0
4589,1
24979,0
4147,0
19289,0
28346,0
135,0
29606,0
474,1
26950,0
14650,1
25279,0
1593,0
15874,0
29219,0
25422,1
9916,1
22494,0
24982,1
27159,1
9966,0
15709,0
10318,1
3585,0
18595,0
17271,0
17733,1
9613,0
10999,0
16966,0
23386,1
16962,0
16069,0
23542,1
11668,1
17950,0
29187,1
685,1
19606,0
24930,1
21962,1
2728,0
20200,0
1843,0
1257,0
6854,0
28562,0
640,0
9650,0
7104,0
24691,1
19143,0
4380,0
25998,0
22034,0
18170,1
25405,0
1444,1
23688,1
11041,0
4980,0
13394,0
4753,1
15061,1
26738,1
10121,1
7004,1
25595,0
26942,0
16312,0
25330,1
1281,0
719,1
12068,1
29923,1
27342,1
29452,1
4488,0
10043,1
24807,0
15516,0
6142,0
29436,1
29533,0
16681,1
28798,1
18464,0
6950,0
10045,1
12517,1
18147,0
17088,1
1151,1
28648,1
20946,0
14281,1
976,0
180,1
28218,0
26573,0
5812,0
22239,0
21868,0
28467,1
9587,1
17721,1
28506,1
7224,1
24289,0
18846,1
8577,1
17061,0
6797,1
14140,1
967,1
21272,1
21888,0
25481,0
24492,0
6249,0
7197,0
24920,1
23956,0
11822,1
2745,0
3378,0
13545,0
4310,1
16230,0
10995,1
1841,1
18390,0
22825,0
3195,1
4577,1
18707,1
24485,1
14703,0
27946,0
821,1
14862,1
7006,0
23263,1
12288,0
2916,1
16370,0
14691,1
11324,0
16484,0
19284,0
6149,0
7732,0
210,0
5583,0
6144,1
2416,1
20986,0
20902,0
12727,1
14702,1
15007,0
19644,0
29717,1
24089,1
24803,0
10863,1
9860,1
9054,1
28054,0
29437,1
16374,0
21740,1
22887,1
8333,1
19366,0
22985,0
26885,0
22769,1
25897,1
28832,0
23119,1
13062,0
15463,1
25365,1
14742,1
652,0
3051,1
16040,1
1234,1
14351,1
22904,0
23280,0
23648,0
10401,0
12461,0
2670,1
19758,0
21638,1
15485,1
10425,1
23352,0
29065,1
16134,0
10009,1
26390,0
25053,0
11276,0
13554,0
9219,1
872,1
13098,0
13728,1
2383,1
1825,0
23170,1
23165,1
24302,0
2394,1
3964,1
25791,1
24049,1
5434,0
10678,1
28107,0
11273,1
20677,1
16171,1
29759,1
18492,0
15053,1
12964,1
13078,1
22086,0
18515,1
26228,0
11807,0
11399,1
851,0
25527,0
12849,1
24347,0
29242,1
311,0
20701,0
6666,0
287,1
17413,0
27586,1
18424,0
11918,1
586,1
17607,1
2197,1
1986,1
25723,0
21846,0
6325,0
22395,0
26078,0
4738,1
2472,1
23926,0
1665,1
22409,0
28110,1
23546,0
4992,0
24366,0
23007,0
23793,0
13100,0
6612,0
16467,0
29134,0
9039,0
16599,1
26580,1
28021,1
17923,0
2224,1
5545,1
11984,1
25375,1
16941,0
11130,1
22847,1
25345,0
10309,1
25482,0
154,0
28914,0
17815,1
5256,0
24105,0
29401,0
16180,0
12377,0
9468,1
11650,0
3618,0
8336,1
15453,1
25603,0
773,1
18347,1
12782,0
10489,0
19905,0
3948,1
26965,1
1508,0
14257,0
4968,1
27995,0
3111,0
874,0
15883,0
2982,1
25910,1
28327,0
1759,0
9906,1
28461,1
24544,0
18838,0
25796,1
13980,0
29331,1
10594,1
1643,1
16344,0
6020,1
9290,1
15461,0
10668,0
5330,0
1681,0
694,1
453,0
8734,0
12247,1
16778,0
10560,0
1498,1
11309,1
5414,0
23196,1
9875,0
27114,1
5142,0
6931,1
22095,1
2784,1
20496,0
13481,0
19333,1
28000,0
28038,0
2704,1
21004,1
20338,1
10662,0
25697,0
3302,1
29532,1
2724,1
7747,1
25281,1
17558,0
20841,0
19160,1
4168,0
4632,0
8428,0
5959,0
15122,0
29542,1
21392,0
19220,0
832,1
27835,0
19633,0
27889,1
4191,0
17677,1
10272,1
15882,1
16664,0
20659,1
23216,1
23474,1
3330,1
11421,0
1809,0
6310,0
27487,1
6605,0
20585,1
23483,1
2067,1
5329,0
18360,1
16798,0
2493,0
23379,1
23525,0
12936,1
13630,1
17625,0
21509,1
8398,1
4367,1
593,0
22101,0
20265,0
6106,1
15544,1
29077,0
21995,0
2279,1
28022,0
20880,1
27581,1
1784,0
12539,0
3284,0
412,1
7268,1
4875,0
22354,0
21140,1
26112,0
12267,1
16746,0
132,1
27289,1
4384,0
4453,1
9312,0
331,0
21516,1
11311,1
24297,0
16313,0
3788,1
18194,1
15983,1
28398,0
19815,1
29054,1
109,0
17524,1
27348,1
987,0
24958,0
22235,0
16825,1
28927,1
6368,1
1009,1
18798,1
8341,1
18726,1
14135,0
217,1
21832,1
8469,1
23832,0
17719,1
1522,1
9519,1
12457,1
22658,0
9395,0
20378,1
3560,0
24636,0
24155,1
17442,1
12734,0
17161,0
3509,0
22284,1
26404,0
25699,0
4890,0
11673,0
3117,1
3100,0
22755,0
3416,0
20833,0
7202,1
4237,0
12059,1
8787,0
26633,1
19347,1
26758,1
16916,0
850,0
15081,0
21324,1
9227,1
26019,0
21602,1
22056,1
28019,1
29139,1
13954,0
21910,0
22632,0
23661,0
29445,1
20799,1
9406,1
14600,0
23426,0
28931,1
18105,1
2629,1
1510,1
17822,1
22304,0
3268,0
4349,1
8322,0
11437,0
23713,0
14375,1
14154,0
347,1
24429,1
5768,0
15138,0
14941,0
17723,1
17318,0
4274,1
17968,0
29684,1
10652,0
23920,1
7357,0
8947,1
27177,1
11743,1
15179,0
29130,1
3656,0
14713,0
15865,1
16543,1
29622,0
22195,1
20411,0
5757,1
3469,1
4496,0
17912,1
28915,0
3612,0
9112,0
15086,0
14250,0
6153,0
5805,1
5129,1
23301,0
1832,0
10752,1
10243,0
24697,1
15688,1
15675,1
24351,1
28981,0
7719,1
12356,0
27761,0
27932,0
11358,0
13048,0
6661,0
24496,0
17451,0
1626,1
22458,1
28194,0
17531,0
17586,1
23563,0
27079,0
7425,1
8784,1
1081,1
1697,1
17504,0
12952,1
13677,1
21774,0
14751,1
25244,1
16504,1
9303,1
11129,0
25475,1
20712,0
13938,1
8504,0
27552,0
21907,1
8956,0
4144,1
23319,0
15539,0
24462,0
19979,1
28859,1
16571,0
27277,1
16734,1
24962,0
7407,0
18897,0
11678,1
3169,0
5669,0
8157,1
28156,1
23665,1
28771,1
14288,1
1958,1
14841,1
13111,0
25282,1
20655,0
12161,1
4219,1
18847,0
21890,1
16943,1
19292,1
15176,0
29720,1
19969,0
27836,0
3090,0
5241,0
26506,0
8288,0
15608,0
28317,1
29579,0
4049,1
14903,0
18512,1
25735,0
9790,0
2860,1
27822,0
18965,0
26248,0
15776,0
3361,1
9696,0
3243,1
22767,0
27860,1
27199,1
12277,0
11411,1
19760,0
10333,0
18833,0
24200,1
13459,1
8177,0
17008,0
23345,1
19177,0
25013,0
1088,1
3242,1
20751,1
5190,1
930,0
15472,1
20508,0
27483,1
7452,1
5845,1
7458,0
26372,0
12425,0
21765,0
24300,1
22537,1
24812,1
21031,1
531,0
18510,1
12471,1
22707,0
13524,0
17392,0
5731,1
26194,0
5350,1
5275,1
4335,0
2373,1
14845,0
3693,1
25322,1
11110,0
14056,1
10993,0
20422,1
13940,1
5560,0
1526,1
10051,0
3757,0
149,1
10219,1
19516,1
10989,1
11569,0
24206,1
28566,0
26183,0
17374,1
9968,1
29962,0
18280,0
7011,0
4929,1
11168,0
13843,1
21284,0
14158,1
24535,1
1734,0
18810,1
1688,1
3342,1
9141,0
14972,1
4550,0
12707,0
6534,1
24458,1
11229,0
2662,0
9538,1
28180,0
9667,0
17772,0
23323,0
11745,0
10027,1
17255,1
24270,0
3601,1
10483,1
1977,0
26508,0
27649,1
3491,0
4090,1
21848,1
4571,0
11696,1
12205,0
20740,0
18886,0
24120,0
23890,1
1287,0
5445,1
1786,0
24163,1
14455,0
3022,1
9540,0
1273,0
13537,0
19853,0
11892,1
14854,0
11155,0
25612,0
110,1
20418,1
26650,1
27003,1
8515,1
28113,0
1373,1
13781,1
8703,0
14492,1
3813,1
11861,0
7240,1
3467,1
9210,0
26924,1
10695,1
23573,0
4093,1
22984,0
17847,1
24921,0
28873,0
1355,0
26529,0
12544,0
2760,0
29721,0
24337,0
22796,0
6347,1
19510,0
4542,0
6748,1
14680,0
24906,0
14025,1
24505,1
26641,1
29654,1
5706,0
24199,1
16386,1
1300,0
19499,1
18313,0
24008,0
27934,1
7912,1
16429,1
5107,0
3815,1
23961,1
4867,1
3379,1
29695,1
13678,1
17194,1
22140,0
22566,0
9575,0
25077,0
28579,0
520,0
6088,0
3341,0
13469,1
17957,0
7125,1
15292,1
20391,0
17231,1
27325,0
3574,1
27816,0
20977,0
19053,1
9085,1
7016,0
9694,0
302,1
29413,1
8076,0
24319,1
17763,1
19469,0
26785,1
19003,0
26601,1
15028,0
3672,0
16973,1
7007,0
20030,0
28684,1
20040,0
22992,1
5067,0
13862,1
7718,0
25563,1
7430,1
16304,0
19127,1
13602,0
23859,1
823,0
12111,0
10558,1
26678,0
28103,1
24925,1
1762,0
6648,1
9833,1
1555,1
22116,0
13504,0
13979,0
20501,0
23969,1
12520,1
29798,1
19960,1
17181,1
6083,1
22716,1
4741,1
26599,1
18706,1
621,0
21983,1
18801,1
23823,1
384,1
3623,1
26547,0
9244,0
270,1
15927,0
27026,0
519,1
27549,1
8542,0
27075,0
23051,0
11348,0
25467,0
29761,1
28086,0
15434,0
3415,0
24536,0
697,0
10917,1
21117,1
19862,1
4198,0
26642,1
11016,1
13559,1
28868,0
7606,0
4398,0
19779,1
16194,0
22051,1
21037,1
22110,0
28399,0
25129,1
16205,1
11782,0
19646,0
17334,0
29198,1
20412,0
4125,1
28732,0
27976,0
17276,0
17071,0
29372,1
28893,1
23200,0
19142,0
22198,0
26839,0
2876,0
6930,1
18298,1
5662,0
22760,1
24007,0
11672,1
18507,0
1605,0
20457,0
28668,0
27903,0
6685,0
14787,1
10133,1
19608,0
13985,0
28281,0
1029,1
16003,1
7802,0
11836,0
11060,1
26485,1
22159,0
27446,1
11525,0
6235,0
7521,0
3447,0
8715,0
4728,1
15478,1
26247,1
11184,1
25845,1
20938,1
14947,0
24494,1
18588,1
22819,1
13547,0
5544,1
21425,0
4260,1
19894,1
17330,1
9075,1
21581,1
11498,1
840,1
12120,1
18723,0
10626,0
6005,0
27824,1
29349,0
24004,1
3266,1
6472,0
7840,1
8131,0
4477,0
7366,0
11117,1
8929,0
14886,1
24640,0
6613,1
14237,0
16967,0
20736,1
23206,1
17068,1
3759,0
24851,0
25453,0
24054,0
3018,0
28807,1
18771,1
2634,1
27254,1
29026,1
14031,1
14871,0
19322,1
15127,1
16249,0
18529,1
19296,0
20930,1
13742,0
7531,1
7082,0
3936,1
17283,1
22119,0
22738,1
24294,1
8642,1
24528,1
11601,0
29418,0
29391,0
17751,0
4526,0
13356,0
2220,0
15860,0
19878,1
6852,1
5759,1
4793,0
5192,1
22862,1
16254,0
14984,0
14587,1
24904,0
11185,1
13846,1
17310,1
28935,0
21777,0
28735,1
3822,0
11694,1
9551,1
10325,0
10819,1
19535,0
21311,1
3148,0
23273,1
21839,1
18381,1
26625,1
6338,1
5212,1
8251,1
3458,1
28429,0
9689,0
25428,0
28032,0
28412,0
18145,0
17248,1
4141,1
25884,0
3506,0
29220,1
20515,1
16954,1
167,0
24176,1
29613,1
15966,0
23681,0
21849,0
29158,1
23245,1
23150,1
22843,1
7876,1
29014,1
9553,1
3047,0
8744,0
28990,1
13364,1
8019,0
20495,1
26914,0
23892,1
20771,1
2902,1
21271,1
27590,1
22046,1
20318,0
16094,0
12331,0
401,0
24954,1
13249,0
12652,0
7874,1
14560,0
27029,1
29833,0
2848,1
7740,0
20983,0
9278,0
23416,1
18057,0
27522,1
698,1
5228,1
22471,0
1528,0
17065,1
15191,1
221,1
9283,1
26726,0
24936,1
25694,0
6219,1
29114,1
25027,1
3549,1
16376,1
12072,0
4627,1
27698,0
18301,1
4142,1
18228,1
25775,1
4580,1
3963,1
18919,1
1277,0
24001,1
3425,1
9423,0
22496,0
22279,0
17740,1
27667,0
17985,0
4183,1
10029,0
29587,0
8494,1
12704,1
2761,0
21481,0
11773,0
2938,0
28108,1
4684,1
1637,1
15060,1
5947,0
7948,1
21874,1
27109,0
10680,0
23940,1
16646,1
17406,1
19562,0
17197,0
9262,0
19093,0
17899,1
28209,0
4250,1
29417,1
7455,0
12755,0
12688,0
16265,1
29288,1
23105,0
24632,1
4326,0
11632,0
17696,0
2926,1
9722,0
28431,0
3785,1
18459,1
4709,1
20502,0
4037,1
24436,1
17791,1
19648,0
15692,1
7696,0
6470,0
10089,1
21230,1
12699,0
12580,0
18144,1
26476,1
2787,1
6385,1
15252,1
5761,1
14033,0
15208,1
13044,0
23020,0
8540,1
21748,1
11201,0
5250,0
19794,1
13566,1
12742,0
14663,0
26020,1
15119,1
3575,1
9461,0
12766,0
11389,1
9294,1
18546,0
21651,1
10025,0
9894,1
20179,1
26133,1
15627,1
4292,1
13354,1
16132,1
11535,1
22855,0
4690,1
15800,1
29708,1
22368,1
24317,1
24853,1
25711,0
20866,1
20401,0
24879,0
26382,1
16434,1
26187,0
12554,1
17788,1
3294,1
10897,0
28159,0
5179,0
810,0
1780,0
13826,0
17517,1
4327,1
16886,1
17736,0
19340,0
17144,1
17707,0
10619,0
1459,0
3577,0
19736,0
22891,1
21487,1
8855,1
13546,1
20974,1
13282,0
11072,1
1110,1
24586,0
16902,0
14099,1
14315,1
11011,0
25988,0
12414,1
16167,1
22836,0
18187,0
13075,0
28233,0
17306,1
18242,1
28411,0
6962,1
29257,1
24441,1
18559,0
5356,1
4056,1
17834,1
12063,1
26906,1
1609,0
6822,0
11983,1
2262,0
27380,0
2562,0
14581,0
27231,1
15479,0
1262,0
26448,0
612,1
405,1
4804,1
7960,1
29862,0
26036,0
21465,1
27478,0
4721,0
28992,0
402,1
19297,0
13426,0
7576,0
16231,0
28943,0
24945,0
6300,0
8141,1
23578,0
7976,0
29029,1
22540,0
23792,1
8648,1
22243,0
26556,1
29703,0
452,1
14059,1
10062,0
1853,0
2481,1
26128,1
807,0
17753,0
11581,0
17778,0
21506,0
11628,1
296,1
14551,1
29367,1
20700,0
8972,1
14785,0
6876,1
21889,0
3300,1
16460,1
7257,1
7867,0
24024,0
12469,1
2861,1
21956,0
29530,1
28961,1
11218,1
3965,1
28509,0
14843,1
4006,0
17274,1
16295,1
15961,0
4837,1
102,1
21507,0
20029,1
9053,0
12500,0
5452,1
20618,0
14648,1
27110,1
15728,1
26328,1
21604,0
22178,0
15311,1
21947,0
1005,0
18433,1
26246,0
24177,0
5718,1
7614,1
1586,0
24309,0
27401,0
22418,0
26106,0
6654,0
19436,1
9024,1
16070,0
1976,0
17843,1
14265,1
28906,1
64,0
18899,0
12896,1
23123,0
7958,0
20088,1
8502,0
5598,0
11680,0
25857,0
27219,0
19847,0
13572,1
14038,0
23637,0
14291,1
21331,1
136,1
3847,0
13775,0
27823,1
16347,1
27099,0
1573,0
297,1
12790,0
25185,0
24078,0
21624,0
7000,1
1710,0
9482,1
28448,0
21729,0
15480,1
10761,1
13387,0
22317,0
23187,1
10889,0
9151,0
1311,1
24570,1
7099,0
15245,1
17914,0
22538,0
25419,0
8887,1
9488,0
1970,0
20557,1
14175,1
2157,1
12190,1
10913,1
20091,0
25579,0
27246,0
6182,1
27867,1
29705,0
24041,0
21208,1
18782,1
29175,0
73,1
24897,0
7390,0
26954,0
24624,1
6204,0
29553,1
19835,1
11030,0
23861,0
18584,0
27864,1
8051,0
27588,1
17601,1
4543,1
26400,1
22127,0
14493,1
13852,1
26150,0
24136,0
23231,0
6614,1
4557,1
29785,1
4674,1
9548,0
140,0
4588,1
21146,0
278,1
21613,1
18721,1
5643,1
3122,0
27408,0
5540,0
29511,1
13030,0
18770,0
13079,0
28354,0
11423,0
8641,0
11023,1
13301,1
21547,0
8285,1
28782,0
16724,0
27966,1
7449,0
24190,0
27229,1
822,1
23876,0
6419,1
5894,1
1396,0
13591,1
22443,0
1984,1
9103,1
10586,0
25435,0
6948,0
14232,0
12609,1
14387,1
15869,0
1749,0
13315,1
21346,0
9111,1
28671,1
8126,0
27435,0
22408,0
131,0
8302,0
25366,0
19174,1
10955,0
8527,1
397,1
9079,1
9884,0
9846,1
26831,1
29552,0
13861,0
9525,1
5716,1
22381,0
21452,0
2426,1
14275,1
12684,0
29774,0
25557,1
6257,0
4383,1
9073,0
27442,1
23691,1
18971,0
17253,1
9032,1
7309,0
11744,1
28223,1
18078,0
12067,1
8451,0
17205,0
8960,1
13820,1
25242,1
691,0
19820,1
13660,0
15389,0
29911,0
18260,1
24385,0
15145,0
12711,0
1426,1
2605,0
14192,1
23696,0
15335,0
18382,1
21161,0
14721,0
10480,0
23862,1
9014,1
16968,1
13919,0
5161,0
24271,1
11222,1
9799,1
5027,1
15960,1
9203,0
9951,1
23002,0
16865,1
5776,0
13126,1
2484,0
15167,0
21169,1
17988,0
14684,0
28111,0
3068,1
22678,0
19252,0
7523,0
19724,0
17448,0
20571,0
6915,1
9155,0
8673,0
6461,0
15542,0
24198,1
7385,0
2534,0
4421,1
15923,1
27545,1
15562,0
13430,0
10313,0
20737,1
3465,1
21779,0
9180,0
820,0
27511,1
25700,0
21831,1
11851,1
20802,0
14117,0
5248,1
3976,0
27397,1
82,0
1988,1
5300,1
24638,0
25752,0
28422,0
29884,0
21611,0
23100,1
24272,1
23885,1
18845,0
14318,0
6074,0
13068,1
26793,0
17565,1
28001,1
15348,0
2729,1
23332,0
29662,0
13774,0
9644,0
14831,1
1704,0
27735,0
26192,0
5496,1
5371,0
27150,1
11306,0
29127,1
29408,0
5130,1
5784,1
22029,0
11942,0
16133,1
724,0
15371,0
17894,0
26816,1
4761,0
19101,1
20511,1
12743,0
10940,0
7763,1
18335,0
26281,1
10477,1
24214,0
24284,0
18113,1
10147,0
3064,1
25044,1
2511,1
4805,0
5657,0
29231,1
29422,0
29816,1
6216,1
29628,0
13295,0
11116,0
9171,1
3196,1
24914,1
7668,1
21136,0
6733,0
13473,0
28094,0
5780,1
6459,0
17416,1
25953,0
23480,0
9645,0
26428,0
26221,1
23689,1
16747,0
24281,0
6682,1
24693,1
5207,0
5215,0
22157,0
24704,1
14271,1
8862,1
11568,0
13017,1
5139,0
9311,0
9952,0
27093,1
28460,1
5686,0
15563,0
17275,1
14346,1
28685,0
19029,0
19137,1
16675,1
11657,1
13031,1
1549,1
13453,1
28128,1
12014,0
28309,0
76,1
22844,0
19004,0
20523,0
9688,0
17426,1
9096,1
9035,0
25647,0
4179,0
14807,1
1235,0
28026,1
17771,0
27197,0
8219,1
29834,1
9008,1
21521,0
12472,1
2874,0
16448,0
2232,1
25254,1
24203,0
4660,1
15889,1
12285,0
29034,1
17409,1
14354,0
12552,0
2025,1
22242,0
24123,1
27221,0
18996,0
18442,1
8338,1
11902,1
17875,1
22055,0
10367,1
5224,1
20615,1
22111,0
14868,1
7701,0
7387,1
12223,1
26137,0
5064,0
19710,0
3285,0
25348,1
4648,0
16481,1
1315,1
2980,0
26265,0
1493,1
27833,0
16367,1
8612,1
7565,1
28179,1
8291,1
6736,1
25844,0
21769,0
2181,0
27270,0
25361,0
14520,1
18221,1
28596,0
21354,1
14808,1
28090,1
7511,0
15824,1
20856,1
6433,1
12182,0
15847,1
10362,0
16030,1
21814,0
8792,1
15617,0
25416,1
12992,0
2823,0
5714,1
23544,0
8182,0
11977,1
8662,1
13258,1
11022,0
15246,1
4382,0
3724,1
20961,0
26046,0
22417,1
24292,1
10338,1
11282,1
28288,1
1706,1
18151,1
2198,0
19387,1
3026,0
417,0
26945,0
8087,1
8709,1
943,0
398,0
17996,0
13,0
24711,1
9431,0
22736,0
258,0
4136,1
24456,1
9450,1
6258,1
29583,1
18142,1
2276,0
10216,1
27834,1
2879,0
21334,0
24414,0
12643,0
4791,1
14082,1
21789,0
10821,0
9253,0
25198,0
1481,0
2473,0
16430,0
16762,1
7910,0
11713,1
22461,0
29637,1
21959,0
3876,1
9890,1
26557,1
29786,1
5252,0
14212,0
2322,1
26227,1
12485,0
22801,0
1908,0
20617,0
7442,0
4739,1
20687,1
9803,1
6476,1
1743,0
22463,1
8402,1
28625,1
1953,1
13718,1
5630,1
6924,0
18254,0
16700,1
13635,1
6561,1
16377,1
12579,0
8110,0
8938,1
29988,0
14863,1
16596,0
3773,0
1434,1
12748,0
29184,1
18995,0
954,0
16182,0
25773,0
18947,1
10151,0
15780,0
8564,1
28557,1
26991,1
3385,0
18067,1
14263,1
28162,0
143,1
16433,1
668,1
26985,1
4641,1
17716,0
21590,0
13705,0
22706,1
1935,1
27049,1
2513,1
2052,1
10004,0
12925,1
14507,1
23801,0
29353,1
15558,0
25005,1
6367,1
13373,0
3296,1
11909,0
9983,0
7199,1
26862,0
19001,0
29407,0
8068,1
19639,0
7856,1
2148,1
6620,0
20114,1
3980,0
17800,0
18165,1
14276,1
16074,0
16209,0
22777,0
1030,1
3353,0
24207,0
3803,0
14352,0
3804,1
5010,1
19108,0
18893,1
17291,0
27814,1
23951,1
4242,0
12597,0
23755,1
13361,1
7336,0
24479,1
26500,1
1766,1
29767,1
25763,0
28243,1
26440,1
21511,0
9016,0
6907,1
16720,0
22338,0
28384,1
29799,0
7493,1
17436,1
12301,0
27837,0
15067,1
27790,0
18213,1
10167,1
11313,0
14477,1
18591,0
15784,0
22249,0
5261,1
29239,1
25997,0
12972,1
10942,0
28358,1
6624,1
16520,1
16704,0
24135,1
20679,0
25955,0
26795,0
18034,1
4886,1
14864,0
9768,0
10188,0
28937,0
29435,0
24667,0
15149,1
4541,0
20592,1
28171,1
28039,0
13226,0
15128,1
22934,0
22560,0
8493,1
12086,0
27591,0
12910,0
10679,1
12077,0
25708,0
16831,0
4720,1
13417,0
9683,0
20528,1
2222,0
29430,0
11174,0
22049,0
2983,0
11410,0
8329,0
8345,0
12909,1
15720,1
5425,1
25638,0
10434,1
20875,0
18728,0
5391,1
18073,1
20149,1
26919,1
27331,1
8613,1
9235,1
3149,0
25165,0
11921,1
18654,0
12323,0
19875,1
23039,0
19423,1
12370,1
29092,1
29745,1
13376,0
6528,1
7516,1
22585,1
23935,1
20631,1
4767,0
28426,0
5200,1
21502,1
5739,1
25091,0
20838,0
14526,0
26445,1
22240,0
1862,1
26786,1
27351,1
91,1
28270,0
16809,0
20869,1
6405,0
27764,1
24249,1
3527,1
12118,1
14009,0
29002,0
24824,0
27349,0
14550,1
26765,1
26351,0
7893,1
5520,1
10149,1
26270,0
24032,1
28928,0
9682,0
23628,0
17654,1
3261,0
3204,1
22143,1
5209,1
29137,0
13972,0
3371,1
7906,0
25327,0
12504,0
23553,0
19719,0
11815,1
2886,1
26497,0
23010,1
28168,0
12070,0
1566,1
29664,1
13516,1
22214,1
18021,0
22660,1
16595,1
14300,0
316,1
5882,0
7468,0
6898,1
11287,1
19057,1
5164,1
14767,1
8702,0
13856,0
1098,1
9810,0
4264,1
27262,1
3686,0
7041,0
87,1
29887,0
7457,0
21314,1
24442,1
14796,1
3599,0
9788,1
148,1
27317,0
15354,0
5815,1
2179,0
7849,1
11193,0
18844,0
10647,0
20254,0
17368,0
9880,0
21196,1
7780,0
27125,1
27185,1
16560,0
8347,0
9316,0
25135,0
1581,0
11663,0
24599,1
23434,0
5729,0
3534,1
21049,1
8826,0
16125,1
22375,1
10365,1
29268,1
1507,1
19295,1
9230,0
1565,0
20613,0
4878,0
18329,1
28122,0
10653,0
2689,1
20857,0
6711,0
8061,1
3747,0
2349,1
4916,1
11318,0
28016,1
11471,1
16619,0
24949,1
10969,1
18006,1
6134,0
14341,1
24658,1
6522,1
24642,0
14089,0
14995,0
3931,0
27692,0
29953,1
26693,0
9972,0
12001,1
16597,0
21735,0
5432,1
27427,1
6488,1
17311,0
6375,0
8448,0
18422,0
29017,1
29104,0
8086,0
657,0
25241,0
5530,0
19852,0
4265,0
13335,1
1866,0
14675,1
4789,1
654,0
27532,0
23654,0
945,0
28438,0
18713,0
28475,0
162,1
1655,1
1781,0
17566,0
8583,1
9280,1
21105,0
24585,1
6382,1
29440,1
27092,1
26419,0
323,1
10244,1
17476,0
5049,1
12974,0
1036,1
26987,0
5715,0
4592,1
4444,0
12810,0
27890,1
26639,1
29766,1
26781,0
974,0
22547,0
11438,0
16770,1
19037,1
14036,0
5378,0
13339,0
2752,1
23278,1
8836,0
29851,1
17659,0
242,1
6448,0
26398,0
18198,0
4628,1
7253,0
22886,0
15580,0
8465,0
21589,1
26681,1
9721,0
1308,1
9372,0
1880,1
19265,1
4915,1
22579,0
23508,0
21686,0
21538,0
14701,0
25878,0
4238,1
6139,0
24968,0
26744,1
6885,1
6438,0
7504,1
3200,0
27515,1
22470,1
22250,1
23148,0
10247,0
15725,0
23812,1
23189,1
27982,1
7318,0
20622,0
2074,1
12568,0
6266,1
17441,0
12226,1
27174,1
21734,0
2482,0
8020,1
4109,0
9729,0
29363,1
27768,0
9101,1
17838,0
26874,1
662,1
14066,1
24519,1
15729,0
23510,1
27999,0
10885,1
17032,1
21063,1
2682,1
23287,1
15358,1
29599,1
8188,1
12533,1
5317,1
15483,0
1415,0
21056,1
13114,0
13525,0
29069,0
23719,0
14930,1
13586,0
26306,1
24813,1
11249,1
19664,0
1796,1
23756,0
16245,1
19062,0
15975,1
25547,1
13255,1
6115,0
1290,0
24953,0
12658,0
19427,0
17935,1
3513,1
1449,1
22741,0
21454,0
4533,1
104,1
5373,0
7136,1
16006,0
14166,0
28293,0
1176,1
29549,1
25267,0
19987,0
14080,1
4959,1
20746,1
14071,0
396,0
25838,1
13348,1
19291,1
434,0
14063,1
16169,0
18577,0
14295,1
11897,0
3183,1
4381,0
14456,0
25344,0
12090,1
25979,0
18368,0
12191,0
4166,1
4003,1
126,1
15214,0
5878,0
1079,1
18729,0
18148,0
21957,0
25170,1
23564,0
29828,1
24086,0
1085,0
21749,1
15644,0
28867,0
5850,1
12360,1
11882,0
6260,1
20170,0
13183,0
22170,0
17381,0
19557,1
16224,1
23248,1
6677,1
158,0
27625,0
29489,0
14891,0
10978,1
3536,1
13693,1
13815,1
4360,1
6256,1
4251,0
13634,0
19892,0
3024,1
13351,0
9660,0
21349,0
4531,0
22185,1
22455,0
5641,0
27490,1
2582,1
11495,0
6402,0
17528,0
26955,0
15740,0
8902,0
829,0
4842,1
5457,0
19824,0
8399,1
6259,0
16035,1
23001,1
29193,0
22094,1
4556,1
25564,0
22708,0
28363,0
16620,1
12875,0
2643,0
29547,0
13176,1
26135,0
20959,1
29845,0
27255,1
26315,1
24398,1
24095,0
6189,0
21661,0
13257,0
10002,1
19178,0
15599,1
6039,1
4036,0
10379,1
22584,0
22915,1
19899,1
16666,0
24421,0
8799,1
4614,1
22166,0
13657,0
23296,0
4205,0
16412,0
12865,0
11027,0
8697,1
24907,1
14806,1
11331,0
22739,0
9936,1
5527,0
28720,0
23324,1
13177,0
19234,1
18319,1
22969,0
21160,0
10791,0
25054,1
12046,0
2764,0
15266,0
26858,0
8958,0
28329,0
8508,1
2219,1
2746,0
8589,1
24969,1
27449,1
8233,1
21762,1
13720,1
12397,0
29164,1
16185,1
5944,0
6401,0
23895,0
25670,0
20332,1
28261,1
10252,1
12764,0
6073,1
14852,0
21007,0
4005,1
14628,1
19538,0
22557,1
26959,1
2928,1
22792,1
10731,1
14661,1
27906,0
25181,1
15003,1
11607,0
7781,0
16192,1
14074,1
13965,0
10048,0
28146,0
12606,1
29900,0
16793,1
12051,0
21329,1
5909,0
2090,1
3967,1
7017,0
24142,0
4040,1
884,0
27113,0
3219,1
12474,0
28245,1
22378,0
13289,0
21224,1
15267,0
16418,0
28670,1
21131,0
13801,1
23974,0
20539,0
112,0
14195,0
16502,1
15739,0
16921,1
27228,0
26410,0
10058,0
25064,1
16470,1
11056,0
729,0
18901,1
20814,1
10164,1
2487,0
2034,0
22419,0
19722,0
19369,1
4970,0
19096,1
1469,0
25197,1
673,1
24637,1
155,1
21574,1
21270,1
5298,1
3074,0
125,1
13071,1
19891,0
800,0
20953,0
15430,1
25389,0
9161,0
25387,1
24434,0
5084,1
29535,1
6279,1
6826,1
28540,0
5170,0
8319,0
27723,1
25702,0
23579,0
14901,0
20998,0
833,0
4086,0
11770,0
13933,1
18692,1
18455,1
563,1
24884,0
14182,1
27269,0
9362,1
18011,1
25567,0
14776,1
1791,1
19343,1
7018,1
27413,0
27539,1
14159,1
21527,0
14783,1
16754,1
18025,1
924,1
16705,1
27917,0
25488,1
22951,1
4810,0
26143,0
1389,0
11393,1
22413,1
14306,0
16758,1
1519,1
9955,1
15801,1
21712,0
9888,0
20847,1
9590,1
3745,0
9787,1
8247,1
13222,1
29278,0
7869,1
26894,0
13246,0
25229,1
18562,1
1611,1
23714,0
23899,1
6877,0
12006,1
7492,1
26100,0
8516,0
616,0
6923,0
25637,0
2233,0
9026,0
25540,0
2747,1
22184,0
23562,0
29499,1
1753,0
4755,0
29154,0
8043,1
16455,1
21387,1
17730,0
21242,1
141,1
720,0
25480,0
29089,1
6473,1
13419,0
9333,0
15684,1
16690,1
17974,1
2374,0
11452,1
6040,0
7553,1
27634,1
2381,0
19350,0
6120,1
23450,0
10681,0
18026,0
11731,0
4131,1
12112,0
17941,1
6646,1
353,1
15834,0
19945,0
22667,1
17812,1
10508,1
13865,1
29116,1
21989,0
26378,0
3253,1
2831,0
18569,0
3372,0
24584,0
28588,1
29522,0
16314,1
13290,1
4376,1
3363,0
25559,0
21980,0
6428,1
13841,1
5709,0
5901,1
26498,0
18379,1
28151,1
1310,1
6734,0
23445,0
12088,1
12136,0
15101,1
18397,1
22422,1
28851,0
28347,1
17459,0
20728,1
22121,1
3248,1
27947,0
16469,0
7522,1
4009,1
26156,1
28319,0
12537,0
1842,0
9554,1
11769,0
7988,1
25415,0
26597,1
5853,1
753,1
11820,0
25469,0
11122,1
12309,1
1982,1
24830,1
2941,1
1407,0
24760,1
3114,0
23517,0
28496,1
1342,1
19889,1
605,1
3676,1
4765,1
29697,0
13613,1
18182,0
14707,1
11483,0
28918,0
25178,1
2018,0
19418,0
19216,0
21843,0
4478,0
12322,1
11183,1
18440,1
21498,1
14383,1
18765,0
27826,0
20548,0
11964,0
17652,0
18835,1
23204,0
9710,0
6409,1
17765,1
3073,0
21861,0
19188,1
13560,0
28010,1
19670,0
8857,1
254,0
8780,0
4104,0
7500,1
12141,0
29273,1
3071,0
26593,1
11903,1
27671,1
11574,0
14364,0
17196,1
9619,0
23003,0
20118,0
18082,1
19596,1
343,1
12931,1
3894,0
19150,1
8156,1
20610,1
4001,1
12968,1
28688,0
27294,0
429,0
25079,0
23780,0
12412,1
13091,0
11005,0
4207,1
18532,0
29494,1
27163,0
10184,1
26953,0
27951,1
19406,1
19915,0
15338,0
23948,0
24533,1
8901,0
18563,0
8047,1
2301,1
13008,1
22597,0
19785,1
4445,1
21258,0
19318,1
22388,0
15445,1
25521,1
3262,0
11610,0
11510,0
28954,0
6207,0
27301,1
18463,1
554,1
11391,1
25710,1
4920,1
4768,1
12769,1
26186,0
8848,0
8296,1
21606,0
12252,1
7396,0
9065,0
24604,1
3704,1
17929,0
20546,1
4011,0
15000,1
27961,1
14638,1
18999,0
1616,1
926,1
19231,0
12295,0
25040,0
29709,1
28917,1
23367,0
13072,1
12203,1
25874,1
14,1
18186,1
6532,1
13763,0
24010,1
8690,1
16725,0
22997,0
9830,0
28563,0
28842,1
27365,1
17879,1
14112,0
23028,0
20454,1
28499,0
8548,0
8158,0
13428,0
1647,1
8125,1
23178,1
28879,0
6783,1
6118,0
23591,1
11355,1
4927,1
6205,1
9109,0
16023,0
27245,0
22719,0
17804,0
20652,1
12946,0
13420,1
28258,0
21966,1
12532,1
5489,1
13397,0
15806,1
24806,1
24732,0
20281,1
6598,0
25618,0
6543,0
10793,0
23453,0
7276,1
28938,1
7663,1
3129,1
3979,1
8978,0
29676,0
22916,1
714,1
9257,1
21462,0
3718,1
27631,1
8097,1
29076,0
27140,1
251,1
1362,1
16663,1
2403,1
9452,1
6663,0
15849,1
3432,0
14547,1
25238,0
10775,0
200,1
1113,0
14482,1
2551,0
9563,1
17450,1
15674,0
20003,1
23884,1
12695,1
11756,0
21185,1
667,1
27459,1
23907,0
7616,1
7899,1
20830,1
18622,1
4656,0
25837,0
10721,0
13699,0
15460,1
14416,0
16086,0
27226,1
10524,1
12081,1
7847,1
27142,0
20286,1
16217,0
26214,0
19233,1
6069,0
653,0
27218,1
13012,1
28823,0
10803,0
22663,1
23442,0
26231,1
7246,0
3450,1
22731,1
17056,1
12608,0
10939,0
10933,1
123,1
26197,0
15264,0
28376,0
11351,1
4471,1
23113,1
25032,0
1317,0
8297,1
10255,1
18959,0
13497,0
8211,0
26297,0
22804,0
10671,0
26074,1
18990,0
21525,1
24460,0
502,1
22657,1
23836,1
26904,0
3625,0
18590,0
15196,1
4590,0
23057,0
27984,1
27962,1
12489,1
9197,0
29848,0
4532,1
27844,1
14433,0
20555,0
8387,0
5377,0
28294,0
8723,0
27202,1
23220,1
14556,0
5226,1
15368,1
27569,0
3548,0
7973,0
28060,1
2677,1
29989,0
6989,1
74,1
24251,1
18496,1
20321,0
25946,1
27779,0
8529,0
26571,0
5922,1
26353,1
3993,1
24831,1
1748,0
24723,1
22936,0
10657,0
22467,1
2987,0
18981,0
13599,1
12304,0
14687,1
17835,0
11972,1
5550,1
18621,1
6250,1
24122,0
15388,0
11363,1
14062,0
21552,1
18150,1
23087,0
8050,0
13747,1
27935,0
26141,0
20527,0
26854,1
24360,1
11798,0
14952,1
16880,1
17972,1
12892,1
6483,0
12719,0
949,0
23315,0
24992,0
4964,0
9007,1
2652,0
1990,1
14665,1
1992,1
24375,1
8582,0
6568,0
11029,0
6751,1
5957,0
2194,0
940,0
2347,1
12464,0
15170,1
22009,0
14548,1
28165,0
4953,0
14398,1
18286,1
14836,0
572,0
14773,0
14768,0
26450,0
10737,1
1447,1
20301,1
27047,1
12938,1
17767,0
11788,0
10823,1
18192,0
29332,1
23621,0
2587,1
8063,1
27396,0
6192,1
3034,1
9196,1
5919,1
578,0
4723,1
3462,1
12344,0
18679,0
18676,1
1206,1
21647,1
24267,0
480,1
11378,0
28669,0
23128,0
19900,1
23541,1
27477,1
18802,0
4169,1
7782,0
9143,1
1171,1
16127,1
2589,0
7889,0
3387,0
21901,1
6394,0
1903,0
8171,0
22341,0
8707,0
12791,0
18246,1
1938,0
11810,0
7334,0
8413,0
14508,0
18465,0
8689,0
14422,1
23477,0
23035,0
28904,0
16487,1
4188,1
18096,1
4581,1
20630,0
6547,1
5522,0
25856,1
5786,1
192,1
10802,1
1921,1
29842,0
27482,1
25120,0
14740,0
27656,0
28064,1
2974,1
19716,0
29612,1
8756,1
26996,0
27632,1
2060,0
29119,1
490,0
470,1
19884,0
7290,0
23747,0
9841,1
2611,0
783,1
12877,1
28255,1
7353,1
21806,0
25879,1
13007,1
26675,1
8688,0
18888,0
1061,1
2267,0
16235,1
5534,1
27774,1
11215,0
15,0
5835,1
18825,1
24091,1
15700,1
1568,0
28884,1
12933,1
29446,1
1849,0
3565,1
12015,0
20103,1
25112,0
28351,0
15850,1
8231,1
28301,1
21537,1
8414,1
13133,1
19408,0
29778,0
26530,1
18251,1
27012,1
6323,0
17795,1
19392,0
22508,0
11409,1
28676,1
10507,1
25952,0
29059,1
25417,0
27879,1
19474,0
26359,1
15625,1
29713,0
16541,1
2187,0
9086,1
28702,0
24210,0
12177,1
15666,0
4885,1
9043,0
25119,0
6183,1
26849,1
4758,1
13026,0
4034,0
29971,1
12448,1
23382,0
23143,1
28837,0
10606,1
6349,1
340,0
10543,0
26087,1
23274,0
27222,1
21281,0
3765,0
16001,1
2486,1
28968,0
24415,0
7812,0
28481,1
12885,1
8150,1
27474,1
21262,1
13916,0
23447,0
29582,0
29405,0
588,0
29099,0
28273,0
4094,1
13995,1
12212,1
7266,1
14541,0
16552,0
26787,0
22526,0
26490,0
15300,0
21799,1
17287,0
9723,0
25642,0
16532,1
13118,0
11344,1
7620,1
17011,1
25664,0
481,0
17857,1
9157,0
14943,1
9038,1
1875,1
4226,1
17398,1
13234,0
8168,1
22435,0
17335,1
2261,1
11751,0
4937,1
15577,0
24394,1
13087,0
7211,0
19006,0
27392,0
6360,0
14803,1
27525,0
18451,1
29974,1
24352,0
8751,0
4452,1
14238,1
10938,0
22532,0
2123,1
22262,1
15603,1
3343,0
26841,1
21166,1
12429,0
4572,0
13019,0
6334,0
21850,0
11169,1
29362,0
21243,1
13947,1
6636,1
27443,1
8748,1
18212,0
15070,0
19374,0
27799,0
16669,1
12420,0
16985,0
26652,1
20598,0
2092,1
8243,1
17173,1
23152,0
21026,0
7463,0
10310,0
29333,0
23239,1
15940,1
13913,1
23475,0
26850,1
20834,1
1138,1
12589,1
6051,0
7713,1
25134,1
27524,0
15056,1
16899,1
6912,0
16811,1
12715,0
12499,1
4194,1
22460,1
11957,0
6616,1
5989,1
5758,0
17109,0
642,0
10428,1
16929,1
22020,0
26075,0
18751,0
13552,0
25093,0
8281,0
27058,1
3013,1
18027,1
27194,1
18220,1
24332,0
17593,0
16711,1
11322,1
28827,1
13218,1
3518,1
14194,1
10755,0
22299,0
8558,0
21145,1
18819,1
5392,0
10328,0
28298,1
15823,1
20044,0
6165,1
10033,0
5103,1
784,1
22668,1
7827,0
4733,0
1525,1
27468,1
24731,0
28910,0
17856,0
13778,1
23282,1
2030,1
12181,0
29797,0
29525,1
26003,0
6032,1
27044,0
25259,0
15573,1
9168,1
24287,1
11682,1
7328,0
20282,1
28404,0
18957,0
15125,0
11204,1
3843,1
1927,0
14880,0
25097,0
21092,0
26865,1
2112,1
7783,1
18339,0
10443,0
28102,0
19438,0
8057,0
29729,1
8152,1
5155,0
24995,1
24799,1
8306,1
15694,0
11804,1
14892,1
5748,0
1298,0
27845,0
17970,1
25184,1
2203,1
26732,0
10738,1
23246,1
18196,1
29097,0
2315,0
11002,1
23753,0
55,1
15715,0
1971,0
3912,1
4822,0
11305,0
11357,1
12201,0
27059,0
1169,1
18342,1
5504,0
15526,1
23556,0
19667,0
9731,0
20379,1
4978,0
15924,0
23821,0
3033,0
10851,0
14121,0
2583,0
28616,0
3957,0
23316,1
12897,0
14828,1
17038,1
28132,0
4529,1
7858,1
10145,1
14479,1
317,1
23224,0
22167,1
16401,1
29320,0
12583,0
12400,1
11580,1
4505,1
6271,0
14898,0
8654,0
21664,0
3322,1
3916,0
4309,1
23680,1
17859,0
1712,1
8497,1
19821,1
29873,0
29692,1
3388,0
12073,1
300,1
5326,1
23006,1
27506,0
20066,0
26875,0
20948,0
4106,1
10337,1
16964,1
6305,1
14326,1
8922,1
21657,0
17862,1
20976,0
8300,0
24330,1
19924,0
26237,0
26595,1
5116,1
19066,1
13588,1
7627,0
15077,1
14425,0
17963,0
22079,1
12146,1
18300,0
29788,1
5428,0
10264,1
5340,1
27745,0
12162,0
13701,1
10203,0
1650,0
25110,1
15018,0
7972,0
280,0
19442,1
12062,0
28058,1
12355,1
886,0
1506,0
12491,1
18611,0
20690,1
25274,1
25839,1
3173,1
209,0
17774,0
13663,0
10705,0
1946,1
24162,0
7343,1
28907,1
15634,1
24717,1
11132,1
29739,1
17711,1
14224,0
26030,0
24476,1
25542,0
11953,0
1467,1
1512,1
6706,0
9137,0
19039,0
22718,0
7412,0
10826,0
23413,0
15851,1
7993,1
19206,0
11448,0
24621,1
24730,1
17064,1
11615,1
22776,0
19371,1
20860,1
174,1
2765,0
13142,0
13633,0
17332,0
7478,0
27785,0
14975,1
1152,1
20105,0
17046,1
4462,0
15633,0
14314,1
18839,0
29668,1
5557,1
10779,1
26536,1
7806,0
4186,1
4689,1
23989,1
19790,1
16949,1
9964,0
13432,0
3970,1
25243,1
3800,1
28330,0
14150,0
28308,1
6463,1
16452,1
9852,0
4862,1
15451,0
25648,0
16695,0
3566,1
12879,1
29217,1
18698,0
5722,1
22897,0
29044,1
24836,1
24757,0
19770,0
17014,0
28582,1
9981,0
17005,1
9019,0
1204,1
15450,0
21093,0
15098,0
22361,0
8040,1
486,1
25252,0
7280,0
9323,1
6720,0
12234,0
7739,1
7930,1
4662,0
9725,1
1551,1
5666,0
23954,0
170,1
3270,0
4626,0
26535,0
28106,0
21119,0
14592,0
15982,1
29266,1
29141,0
29572,0
1157,0
13542,1
10186,0
11462,0
14557,1
2818,1
1109,0
27107,0
21747,1
14958,1
579,1
8026,1
2625,0
21338,0
25308,1
18645,1
10444,0
23684,0
28733,0
18199,1
18641,0
17718,0
14247,0
24193,1
26619,1
5513,1
5092,1
9078,0
22396,0
20850,0
12803,1
28861,1
9854,1
22524,1
23012,0
29395,0
6157,1
25381,0
3512,0
8976,0
14695,0
2333,1
12662,1
2797,1
21987,0
7278,1
24022,1
4329,0
7380,0
24059,0
19225,0
2594,0
3572,1
9148,1
17576,1
13042,1
25495,0
5695,0
10021,1
2739,0
17006,1
8630,0
10230,0
27022,1
18647,0
13692,0
12600,1
1737,1
17201,0
25496,0
15611,0
5994,1
20642,0
25783,0
1193,0
7480,0
3456,1
10128,0
4799,0
13548,0
7100,1
2868,1
10494,1
7272,0
20196,0
7302,1
25510,0
13652,1
12110,0
26311,1
14260,1
14910,0
28825,0
27497,1
18323,1
21700,1
7749,0
21114,0
13014,1
11765,1
24255,0
11178,1
16394,0
15117,1
22689,1
3850,1
21451,0
8722,0
11834,0
16160,0
10865,0
4348,1
23221,1
7303,0
2390,1
9930,1
28136,0
3833,1
14631,1
22968,0
7585,1
17185,0
18774,1
3453,0
19505,1
2212,0
649,1
20632,0
17917,1
27375,1
25881,0
25520,0
12253,1
11255,1
21383,1
23651,0
24090,0
9512,1
10776,1
2898,1
15111,1
6234,0
5564,0
26860,0
9924,1
9814,0
18993,0
27447,1
27148,0
17555,1
12611,1
14645,1
16505,0
5347,0
15459,1
21553,0
11904,0
24459,1
17213,1
23308,0
7371,0
4770,1
15638,0
3814,1
21340,0
17384,0
23255,0
1233,1
6893,0
777,0
24593,1
29431,0
9272,1
13738,0
7768,1
18488,1
27266,1
21369,1
10555,0
21175,1
16293,0
18070,0
7065,1
23338,0
2174,0
26649,0
28646,0
16826,1
928,1
1902,1
24472,1
23520,1
7916,0
14524,0
14312,1
27716,1
24539,1
991,0
16983,0
28643,0
10641,1
5754,1
717,0
21239,0
26157,0
2494,0
29878,0
15589,0
27780,0
6560,0
19135,0
2535,0
24000,1
4435,1
4877,0
12248,0
26287,0
8647,0
20532,1
27290,0
639,0
2217,0
7566,0
1795,0
19351,1
6494,1
25139,1
21853,1
22905,0
29515,0
8375,0
10280,1
17391,1
22068,1
6000,1
13385,0
7239,1
16053,1
6187,1
21246,1
27973,0
21008,0
5254,1
12154,1
25601,0
6844,1
2669,1
7860,1
16901,1
8132,0
25002,0
10064,0
18445,1
9130,0
1570,0
2592,1
22347,0
26471,0
2454,1
26550,0
15988,1
6226,0
23763,0
29605,1
7143,0
17216,1
25724,1
29820,1
20481,1
18012,0
2273,1
11476,1
13592,0
12542,1
9997,0
15497,1
24132,0
19959,0
8042,1
14110,1
15092,0
16356,1
348,1
8832,1
2894,1
10038,0
9909,0
17551,1
1219,1
559,1
9453,1
13277,0
19085,1
3267,1
4879,1
25639,0
19836,0
3697,1
6872,0
22118,0
21360,1
3017,1
13168,1
2967,1
28228,0
6467,1
13691,0
15662,0
8099,0
16328,1
20910,0
4845,0
4507,0
1545,1
23299,0
1435,0
16240,0
27312,1
29957,0
3783,1
12246,0
29821,1
18387,0
21684,0
27173,1
13863,1
5690,1
26847,1
13214,0
17598,0
5030,0
27626,0
29712,1
19319,0
25581,1
9747,0
19958,1
23449,0
28436,1
17122,1
26764,0
15217,1
29920,1
25025,1
6253,1
12689,1
15066,0
14513,1
18352,1
374,1
6229,1
19512,1
29782,1
4796,1
6262,0
3383,0
27456,0
748,0
13681,1
2142,1
3364,1
18058,1
8692,0
26288,0
27800,1
6873,0
1202,0
11162,0
19244,1
10510,1
16373,1
10357,1
3991,1
20702,1
20531,1
21079,1
20756,1
9807,1
27061,0
1241,0
25732,0
6277,1
27958,1
10676,1
4068,0
11638,0
5785,1
15787,0
19078,1
11753,0
24677,1
29373,0
25486,0
8538,1
19354,0
9456,0
7358,1
25337,0
9436,1
27564,1
13894,0
13209,1
24870,0
21997,1
3414,1
14442,1
26082,0
16893,0
28373,1
26978,0
18324,0
5703,1
20429,1
24298,1
24553,1
21786,1
20693,1
17404,0
12548,1
3562,1
16625,0
16191,1
24571,1
26470,1
24937,1
28365,1
22134,1
20957,0
26717,0
15203,0
1275,1
2298,1
20442,0
17798,1
6554,0
20683,1
15956,0
23834,1
1349,0
20298,1
24562,1
11128,1
11824,1
4617,1
14970,1
6953,1
21187,0
9535,0
15458,1
27623,0
4324,1
26203,0
18185,1
11848,0
16051,0
27702,1
13893,1
3543,0
16106,1
7490,1
28545,0
9994,1
2422,1
88,0
23125,1
29483,0
15293,0
25305,0
23022,0
1357,0
23943,1
13492,0
24092,0
13288,1
16215,0
6111,0
4908,1
22232,0
5365,1
11481,0
775,0
18542,0
10384,0
6408,1
12525,1
18666,1
17180,1
8298,1
24081,0
11152,1
14251,0
22682,1
16199,1
20074,1
21142,0
11114,0
26811,1
19393,1
29310,1
27441,1
11075,1
27888,0
28802,0
1159,1
10763,1
28815,1
13924,0
24977,0
20262,0
26350,1
21732,0
10462,1
13421,0
27261,0
1836,1
19205,1
24871,0
25552,0
20143,0
15379,0
15010,1
968,1
20584,0
21992,1
28617,1
21754,0
5596,1
7220,1
768,0
29191,0
29960,0
6314,1
7661,1
29010,0
14402,1
8562,1
15587,0
17688,1
1900,1
3611,1
29666,1
28996,1
21154,0
27010,0
25182,1
7320,1
12536,1
6749,0
24508,0
14101,1
12257,0
2029,1
24840,1
1445,1
16693,0
19256,1
4800,0
7386,1
4760,1
17871,1
19010,0
17509,0
15134,0
9434,1
17939,0
24487,0
10577,0
3419,1
27732,0
14183,0
27750,1
6972,1
5413,1
17840,0
13128,1
16582,1
23250,0
15429,0
6181,0
12338,0
16788,1
18866,1
10879,1
24235,0
7753,1
21322,1
18806,1
274,0
9558,1
27450,1
2225,0
5384,1
13868,0
28400,0
13573,0
144,0
21863,1
18975,0
574,0
9849,0
8253,0
14830,0
14452,1
17414,1
14385,0
535,0
19266,0
14388,0
17759,1
5741,0
22981,0
13532,1
7754,0
29677,1
11505,1
27829,0
13129,0
22136,0
20572,1
10286,0
11604,0
12211,1
29825,1
1128,0
6313,0
9757,0
15418,1
28750,1
723,0
7035,1
11544,0
24310,1
4418,0
4794,0
1769,0
10137,1
10301,0
25940,1
11125,1
6199,1
17096,0
18977,0
18599,0
730,1
4866,0
6555,1
608,0
26095,1
25465,0
15491,0
18259,0
4840,0
22334,0
18937,1
6838,1
14602,1
2335,0
1542,1
14883,1
21811,1
19186,0
4823,0
16738,0
6230,1
27927,1
20028,0
587,1
1947,0
2702,0
5942,1
28360,0
4806,0
5707,0
18074,1
4102,0
27873,1
11534,0
26676,0
4941,1
22082,1
20595,0
1037,0
22384,0
8776,0
5264,0
22498,0
12995,0
11149,0
14942,1
828,1
28105,1
17589,1
24737,0
12967,1
17552,1
11450,1
1598,1
24988,0
675,0
722,1
18,0
4293,0
3494,1
25447,0
10208,0
8351,1
8554,1
17502,0
12254,0
18580,1
3490,0
2518,0
19168,1
1690,1
796,1
2202,0
15171,0
20757,1
2993,0
24866,1
4971,1
26913,1
7270,0
18502,1
20743,0
24087,1
6062,1
15873,0
24847,1
3621,0
20934,1
23404,0
955,0
7205,0
13506,1
27264,1
3861,0
2437,0
6591,1
27560,0
6511,0
24891,1
20489,0
21431,0
12607,1
16942,1
18980,1
4149,1
26696,0
7563,0
6227,0
27065,1
18210,0
1670,1
15726,0
3381,0
2171,0
14928,1
29534,1
815,1
6691,0
5807,0
24443,0
21030,1
17986,0
1716,0
13994,0
11587,1
11458,1
29910,1
5034,0
12410,1
2080,1
23153,1
24649,0
18974,0
25888,0
10112,1
8634,0
1701,1
14512,0
11488,0
20407,1
9537,0
23147,1
25349,1
17155,1
1803,1
4893,1
2959,1
18487,0
1330,0
25175,1
9567,1
19957,0
16163,1
16468,1
9067,1
561,0
1617,1
3983,0
20351,0
16996,1
7965,1
10967,0
760,1
26138,0
12518,1
21197,1
26817,1
14313,1
19052,0
14505,0
8166,0
22236,0
11055,1
2773,1
11944,0
6417,1
17649,0
1203,0
6861,0
9881,1
14531,1
28119,1
22742,1
2824,1
15186,1
24473,0
13530,1
20641,1
3952,0
3210,1
29726,0
25066,0
20912,1
4397,1
4137,1
27576,0
19595,0
2953,1
21562,1
11578,1
21514,1
390,1
24208,0
15443,1
16179,1
23675,1
10492,0
29838,0
18249,0
18711,1
1412,0
11384,0
22292,1
2128,1
3681,1
23310,1
26859,1
17393,0
1859,0
895,1
6576,1
7755,1
29794,0
22720,0
4464,0
28654,0
16960,0
22427,1
24175,0
18804,0
23088,1
27538,0
24108,0
28615,0
6017,1
15198,1
5112,1
19952,0
1540,1
26777,0
17174,0
4148,1
25901,0
25804,1
2264,1
20430,1
28762,1
15590,0
17159,0
22866,0
27448,1
5046,0
841,1
28444,0
4493,1
20784,0
27793,1
10554,1
20366,0
1776,1
7784,1
25263,1
21017,1
29779,1
27207,0
20195,0
7865,1
23500,0
1154,0
20287,0
13696,1
28959,1
16613,1
28217,0
14085,1
25575,1
13443,1
21206,0
28446,1
6217,1
3663,0
8317,0
1344,1
23866,1
16338,0
28335,0
14258,0
9397,1
15465,0
6843,1
19375,0
26245,1
28856,0
19489,1
14184,0
14739,0
6869,1
20806,1
871,1
23797,0
3304,0
6455,1
1347,0
1162,0
29084,0
20534,0
29507,0
21916,1
23175,0
23790,1
22683,0
19711,0
7232,0
19372,0
6264,1
2379,1
10584,1
7900,0
25859,0
19353,0
27791,1
2351,0
25529,0
21656,1
458,0
6968,0
4960,0
6033,0
12478,0
22858,0
6879,0
21263,1
14164,1
26162,0
932,0
7295,1
19772,0
5296,0
13446,0
23574,0
3014,0
23636,1
1023,0
8161,1
385,0
26544,0
13557,1
8405,0
29928,0
29107,0
16402,1
3135,1
1663,0
29827,0
1860,1
20604,1
5077,1
11138,1
19565,1
2658,1
3320,0
5837,1
20922,1
1042,1
10220,0
7002,0
19695,0
5449,1
18924,0
28831,0
8742,1
23021,0
25043,1
29818,1
2282,0
12075,1
6188,0
16435,1
6850,0
21542,0
19753,1
10405,0
10390,1
20217,1
7745,0
8396,0
18907,0
11037,1
6379,1
19254,1
26427,1
6171,0
2064,0
11521,0
21692,0
4413,0
23593,1
16333,1
6637,1
14632,0
19337,0
27085,1
22669,1
10114,1
6416,0
25631,0
36,0
28809,0
21862,0
6800,0
3124,1
15533,1
29691,0
26609,0
27561,1
9469,1
8486,0
9543,0
18637,0
825,1
16337,1
3545,1
8280,0
1898,0
20915,1
22986,0
22078,0
23548,1
5013,1
28492,1
19590,0
24726,0
9459,0
10282,1
997,1
9374,1
4940,0
9839,1
15376,0
380,0
24204,0
23549,0
14916,0
5367,1
5833,1
5658,0
207,1
24354,0
7805,0
18509,0
3739,1
5797,1
223,0
11614,0
26406,0
20413,0
7567,1
14980,1
846,0
5450,0
10714,1
18582,0
8218,1
128,1
7813,0
6146,0
25144,1
19973,0
9601,1
13254,1
4735,0
26134,1
10766,1
18849,1
3289,0
28045,0
5416,0
23626,0
24690,0
9364,0
29444,0
15822,1
21337,0
14373,1
10687,1
20062,0
19246,1
17669,1
29800,1
1826,0
4615,0
2438,1
9870,1
15432,1
9523,0
7744,1
22117,0
2796,1
3828,1
15842,1
16196,0
4455,1
21058,1
3898,0
21512,1
29849,1
1718,1
12228,0
29946,0
11511,1
29806,1
21699,1
23405,1
20279,1
18528,1
17731,1
7599,1
10474,0
11245,0
8023,1
10335,0
28828,0
14329,1
29330,1
2842,0
3442,1
15452,0
7426,1
22603,0
9429,1
9776,0
20991,1
10368,0
13477,0
9201,0
22254,1
25342,0
18168,0
4190,1
8205,0
27850,1
19671,1
28483,1
28379,1
14997,1
21795,0
21803,1
13935,1
28130,0
14635,0
24603,0
11123,1
24005,1
6905,0
28767,1
25591,1
14630,0
17786,1
8661,1
13715,0
14957,1
12691,1
3426,1
2610,0
7659,1
20554,0
28311,0
24956,0
13371,1
18571,0
14187,1
107,0
28478,0
29648,0
3690,1
2604,1
11803,1
19568,0
22867,1
28441,0
16878,0
215,1
15435,0
4817,1
25646,1
17802,1
25539,1
5606,0
28013,0
22179,1
7308,1
4860,0
25815,0
24516,1
5056,1
18913,1
13507,0
6803,0
16350,0
10268,0
29210,0
23075,1
24629,1
24743,0
12085,0
28577,1
7470,0
11269,1
430,0
6163,0
15218,0
29814,0
15436,1
1411,1
2533,0
23677,0
2832,1
5255,1
14769,0
14758,1
17849,0
5554,0
15745,1
1010,0
24093,1
12935,0
13189,1
4253,1
1899,0
9606,0
5001,1
20594,0
18702,0
1852,0
291,0
8223,1
25251,1
17608,0
19571,1
26239,1
6809,0
6348,1
549,0
12509,1
19765,0
27554,1
6542,1
28939,0
5318,1
11635,0
14774,0
16368,0
23059,0
13662,0
4913,1
26546,1
16055,0
19065,1
27238,0
27134,0
1981,1
12052,1
4334,1
17951,1
5587,0
16908,1
26909,1
23844,0
2145,1
4358,1
10233,1
876,1
23302,1
20147,1
1963,1
4525,0
24369,1
26455,1
25668,1
9010,1
5912,0
18372,0
11559,1
12630,1
24169,1
2431,1
105,1
10098,1
2417,1
5979,1
11939,1
20017,0
22452,0
21564,1
11058,0
5816,1
22611,1
23240,1
6627,0
20890,1
20809,1
1284,0
25538,0
12667,1
24376,0
27676,1
22673,0
24842,0
14566,0
20329,1
1924,0
25201,1
15045,0
2931,1
4300,1
10120,0
13228,0
9123,1
15251,1
2981,0
15195,0
22393,0
3010,1
15995,0
20285,1
24755,1
12041,0
23497,0
10902,0
17744,1
2506,1
27504,1
14865,1
28603,0
24724,1
11312,0
12384,0
23662,0
27172,1
23852,1
11594,0
10580,0
3709,0
14756,0
695,0
26855,1
10061,1
10059,1
18989,1
16846,1
10317,1
29975,1
12594,1
12880,0
5352,0
15047,0
15584,1
11153,0
12855,0
23879,0
18309,0
25425,0
9327,0
9349,1
1504,1
12023,1
14609,0
24383,1
24149,1
17553,0
29283,0
14846,0
4973,1
15487,0
21276,1
8170,1
16076,1
27530,1
2084,1
5015,1
6824,0
24619,1
443,1
11272,1
602,1
17118,0
10520,0
7971,1
27208,0
19509,0
3807,1
28911,1
21225,1
21220,1
4713,0
12716,0
2152,0
11057,0
17924,1
819,1
25098,1
14298,1
22896,1
17479,1
23602,0
20348,0
16158,1
10947,0
12930,0
17039,0
13616,1
17799,1
24371,1
20032,1
25313,0
142,1
12570,0
29775,0
24748,1
6956,0
26035,1
5245,0
3503,0
12262,0
23439,0
8804,1
11915,1
8225,1
21792,1
20333,1
1140,0
27547,1
9687,0
7448,1
19103,0
2946,1
29531,0
18674,1
6391,0
48,0
8053,1
22627,0
18123,1
22729,0
14620,1
21128,1
21402,1
8967,1
26845,1
24714,0
5818,1
1561,1
27715,0
25679,1
17415,0
27600,1
17977,1
3665,1
2404,1
2995,0
151,1
22003,0
14611,0
11840,1
27512,1
2574,1
28160,0
16609,1
17410,0
29642,0
8073,0
27650,0
5469,1
27809,0
17692,1
23385,1
6544,1
5907,1
1035,0
16558,0
20073,0
3142,0
12503,0
8954,1
14171,0
27842,1
11969,1
8374,1
20791,0
5955,0
12839,1
27000,0
17078,1
442,1
22349,0
21065,1
29559,0
23886,1
11085,0
19947,0
5672,0
20787,0
19817,0
16661,0
29524,1
12752,0
19784,1
7469,1
27052,1
7024,1
22677,0
22570,0
2150,0
11554,0
10205,0
27859,1
12889,1
25580,0
7301,0
8581,0
16790,1
22923,0
13208,0
20990,0
27232,0
6892,0
6066,1
5954,1
12467,0
5487,0
29660,0
866,1
20363,0
15565,1
13816,1
11296,1
26296,1
7823,0
4754,0
20775,1
12443,1
13184,0
27322,1
3333,0
23358,1
17007,0
1014,0
12840,0
1828,0
18564,0
1430,0
13058,1
16096,1
21062,0
11555,1
9712,1
18345,0
4597,1
28727,1
9940,1
20099,0
7574,0
25050,0
29062,0
7086,1
22120,1
7137,0
11996,1
14780,1
2459,1
16862,0
13211,1
22448,0
2146,0
1092,1
25431,0
19100,1
25103,1
6523,0
7891,0
13488,0
7868,1
29326,0
16670,0
11392,0
19573,1
25332,1
22328,1
16012,0
1636,0
13625,0
27242,1
14859,1
28366,1
20327,1
28983,0
17934,0
25010,0
20982,0
7485,1
7218,0
27978,0
13195,1
15815,1
5635,0
9614,1
18923,0
18659,1
6856,1
19576,0
23081,1
267,1
366,1
7800,1
29999,0
28425,0
26829,0
23929,1
4682,0
27424,0
94,0
29945,1
18759,0
25012,0
4536,1
8591,0
10887,0
25088,0
20754,1
7445,0
9824,1
5614,1
15227,1
4035,1
7095,0
8258,0
4450,0
3615,0
2736,0
25132,1
1066,1
20911,0
3451,1
2537,0
403,0
27882,0
27866,1
9582,0
8411,0
23455,0
19939,0
11873,0
11955,0
1641,0
9778,0
18612,0
21264,0
20601,0
21254,0
25089,0
13885,1
3552,0
18662,0
18868,1
13583,0
1312,1
18253,1
6951,1
3202,1
7894,0
19126,0
17431,1
18209,1
1371,0
27032,1
8468,1
15547,1
1436,1
11106,0
27931,1
5065,1
13412,0
24102,0
957,0
14428,1
6365,0
17709,1
28057,1
24248,0
628,1
28830,0
9270,0
6456,1
18970,1
3499,0
3032,1
8235,1
1218,0
11659,1
8424,0
26635,1
979,0
1033,1
18638,1
21040,0
20045,1
26513,1
17124,0
13155,0
26879,0
4848,1
26662,0
6641,0
23351,0
27872,0
15636,0
16702,0
26741,1
2124,0
7312,1
24881,0
8475,0
27227,1
24976,1
24211,0
18400,0
10049,0
20717,1
20463,0
20973,0
1725,0
28300,0
2638,0
14791,1
21555,0
7381,0
12953,1
3475,0
14180,0
2579,0
1089,1
1797,0
17462,0
18252,1
4977,1
8574,1
10928,0
19631,0
19661,1
1672,1
7229,0
5302,1
2937,0
6477,0
19629,1
18275,0
15380,0
24066,1
20455,0
13656,1
13812,1
1457,1
5007,1
15401,1
14395,0
5062,0
2791,1
27213,0
19638,1
4603,1
11622,1
9018,1
9298,0
22918,0
19215,1
4181,0
11094,0
9562,0
18395,1
26467,0
7835,1
10570,1
18384,1
29686,0
20904,1
14226,1
23902,0
21470,0
19011,0
13273,0
4342,1
28191,0
7498,0
22950,0
25294,0
25105,1
9017,1
7897,1
971,0
21617,1
26005,0
28278,0
23664,0
18179,0
2439,0
22169,1
13090,0
17516,0
7227,0
2085,0
29830,1
4234,1
25902,0
8464,0
10465,1
10165,0
20207,1
19672,0
23180,1
23622,0
26291,0
24818,1
2059,1
25667,0
20810,1
2184,1
28296,0
9432,0
16565,0
25245,0
29433,1
28488,1
10532,0
15131,0
9266,0
22246,1
23864,1
4830,1
14522,1
25692,0
15813,0
4080,0
4162,1
3595,0
15659,0
20399,1
28843,0
9040,0
24432,1
24389,0
23507,0
14817,0
14518,1
5670,1
15178,0
8433,1
7664,0
8933,1
22599,0
13438,0
21182,1
17207,0
25650,0
7145,1
20978,1
3495,1
19542,1
14378,0
9291,0
17129,1
2048,1
21939,0
7261,0
22552,1
1661,1
19522,0
15868,1
15753,0
12986,0
13618,0
12131,0
2599,0
10240,1
4355,1
28210,0
15188,1
17296,0
10916,0
11063,1
3083,0
25131,0
8730,1
188,1
18084,1
29968,0
19788,1
22315,1
9835,0
27358,0
21536,1
10473,1
26012,1
4655,0
6634,0
400,1
4834,1
17702,1
23720,1
19024,1
9324,0
26280,1
29564,0
13141,1
4064,1
20940,0
13996,0
5052,1
19152,0
12236,1
8079,1
29556,0
7700,0
9914,1
21662,0
29199,1
17125,0
21882,1
10429,1
21409,0
4192,0
20086,1
29425,0
1394,0
23070,1
12101,1
22222,0
22348,0
24627,1
12965,0
4777,0
20018,0
13096,0
7182,0
27498,1
12235,1
16091,1
4872,1
7444,1
21293,1
6500,0
10423,0
25933,0
8241,1
28629,0
16186,0
26083,1
13598,1
4370,0
27989,0
17562,1
9598,0
11079,1
9834,0
11584,1
28986,1
16118,0
7724,0
11956,0
2070,0
26683,0
29750,1
9815,1
20204,0
17052,0
24386,0
5244,1
10100,1
21073,1
5150,1
11577,1
15616,1
1907,0
20376,0
14720,0
14671,0
22650,0
13112,0
19782,1
1192,0
28477,1
20124,0
7931,1
26646,0
30000,0
6011,1
16327,0
12612,0
15230,0
24017,0
3384,1
12218,1
8128,0
23421,1
24124,1
21819,1
21045,0
4303,0
12665,1
13866,0
8340,1
7296,1
18883,1
10060,0
3332,1
5888,0
17761,0
28776,0
16181,0
19458,0
41,1
22093,0
6934,0
21283,0
392,0
2732,0
11096,1
11109,1
28221,1
7654,1
29915,0
8239,1
4906,1
26394,0
10090,0
1644,1
6653,0
14483,1
15441,0
16083,1
8977,1
9170,0
23659,0
6992,1
14963,0
11001,0
11599,1
8181,1
8064,1
10363,0
5397,0
27642,1
17568,0
29783,0
18776,0
25166,1
2302,0
23632,0
1282,1
27117,0
15769,0
16253,0
19705,1
5790,1
6100,1
4756,1
14323,0
24085,0
23320,0
1777,1
11100,0
12307,0
27688,0
17249,1
7792,1
8307,0
2919,0
16411,0
25325,0
15948,1
12405,0
8818,1
4396,0
6090,1
14131,0
15926,0
29880,1
3441,1
20605,1
22998,0
24684,0
11515,0
28236,1
1793,0
7996,0
21631,0
19170,1
8310,1
16668,1
2173,1
4117,1
22230,1
13309,0
27760,1
26592,0
16984,0
27898,0
25328,0
29280,0
18406,0
12300,0
12680,0
1174,1
20326,0
6689,1
28030,0
19293,1
5810,0
23207,1
1820,0
8480,1
17429,1
7864,1
3829,1
8632,0
8936,0
6922,1
6937,0
20311,0
2398,0
29406,0
5661,1
23972,1
26204,1
29180,0
25534,0
12389,0
18717,0
5385,1
29518,0
23029,0
10041,0
5976,1
12656,1
25258,1
25995,1
16763,1
20121,1
21691,1
25782,0
9261,0
15916,1
14240,1
2635,1
544,0
29388,0
28231,1
15757,1
15629,1
29498,1
20656,0
21358,1
16269,0
23069,0
10844,1
17706,0
10113,0
1744,0
15280,1
4631,1
24855,1
10257,1
14046,1
12127,1
19180,0
4426,0
21472,1
15248,1
5981,0
5532,1
29005,1
28919,1
24901,0
20046,1
3016,0
23575,0
22593,0
2213,1
27318,1
7151,1
13685,1
22387,1
16993,0
14953,1
28628,0
22077,1
17592,1
2265,1
19851,0
21086,1
28908,0
18029,0
21738,0
7389,0
27278,1
24725,1
7106,1
24331,0
26923,0
6812,0
29936,0
11219,0
23295,0
26355,0
4930,0
18518,0
23162,1
3031,0
24547,1
25123,1
10974,0
27431,1
1242,1
5408,0
13201,0
6273,0
11665,0
3846,1
2970,0
16112,0
19741,1
12396,1
13358,1
1877,1
29465,1
25159,1
19980,0
15367,0
17080,0
19734,0
27753,0
18892,0
14827,1
22149,1
4375,1
11490,1
24495,1
29543,0
23364,0
7043,1
463,0
4386,0
24071,0
3998,0
15503,0
23730,1
10503,1
461,0
16088,1
10075,0
25449,0
26791,1
9719,1
2058,1
18843,1
27175,0
26432,1
24037,0
27685,0
27819,0
11872,0
20919,1
13619,1
10287,0
11113,1
17346,1
4568,0
27534,1
11460,0
19077,0
475,0
19407,0
20975,0
17660,1
29948,1
11350,0
20173,1
29961,1
22775,0
16166,1
13101,1
19709,0
13529,1
10927,0
182,0
27901,1
8814,0
7809,0
21622,0
22475,1
18494,0
10415,1
5858,0
7967,1
16948,0
3127,1
22591,1
11235,1
4223,1
4436,0
28627,0
2478,0
6081,0
26017,0
16884,1
6515,1
21344,1
28114,0
1060,1
21625,1
28891,1
11888,1
6819,0
26294,0
27821,1
9358,0
10408,0
20291,1
20058,0
17057,0
19877,0
25827,0
17514,1
25695,0
1232,0
13960,0
26626,0
11090,0
4492,1
24663,0
28644,0
2721,1
19456,0
18180,1
4831,0
25786,1
7173,0
472,1
17284,1
9414,1
29523,1
21675,0
21122,0
19533,1
5482,0
26933,0
17312,1
13879,1
2973,0
38,0
18752,0
8674,0
8738,0
25604,0
7586,0
2094,0
23950,1
16382,0
9970,0
27346,0
16061,0
17119,0
25582,1
18447,0
5585,1
19228,0
2244,1
9755,1
12133,0
10404,0
11595,0
7830,1
7223,0
22163,1
23889,1
26307,0
2000,0
925,0
21586,1
21129,0
16564,0
12188,0
4828,0
3407,0
10829,0
6741,1
22885,1
21139,1
7987,1
23818,1
17495,0
3002,0
16189,1
21034,1
21568,1
26517,1
25438,0
28318,1
21713,0
13278,1
25424,0
23983,0
25619,0
16387,1
28818,0
9457,0
25533,1
18417,1
7678,1
16874,1
5555,1
22131,1
24647,0
2799,0
6881,0
5848,1
12550,1
24563,0
11852,0
7258,1
5982,0
20182,0
18938,0
17195,0
16203,0
18355,1
20788,0
8252,1
15543,1
20241,1
3688,1
29318,0
25122,1
27315,1
870,1
11382,0
12560,0
8363,0
20927,1
14677,0
24011,0
1466,0
27675,0
22105,0
15110,1
2063,0
6265,0
23209,0
23341,1
7887,0
13749,0
21404,1
8092,1
29682,0
5485,0
13587,0
10319,0
17022,1
4045,0
27828,1
18640,1
17141,1
3792,0
175,1
28328,1
6747,0
1785,0
27127,1
19194,0
24448,0
1065,1
5859,0
4028,1
11180,0
22429,0
11352,0
29000,0
8736,1
12637,1
19662,1
21671,0
9932,0
10323,1
15568,0
26714,0
27230,0
12423,0
27070,0
18015,1
1182,1
16546,1
12462,1
14444,0
5057,1
13094,0
14654,0
24581,1
13870,0
26104,0
377,1
22656,0
17214,1
4678,0
21791,1
106,1
23491,1
20409,1
24872,1
11813,0
14668,0
5474,0
12913,1
7674,0
22505,0
8090,1
16226,1
466,0
17226,0
25865,1
1960,0
4474,0
18330,0
2424,1
16079,1
16844,1
25983,1
16514,0
25524,0
29780,0
177,0
28198,0
13106,1
11916,0
28726,0
12804,1
4870,0
10767,0
5411,0
13520,0
21859,0
27575,1
18060,0
20558,1
29980,1
9785,0
5592,0
14016,0
22415,1
256,1
15467,1
5879,0
25270,0
25034,1
16820,1
19481,1
2742,0
10393,0
18124,1
11992,1
17797,0
6929,0
25578,1
23335,0
19583,1
2671,0
3440,0
16438,0
11432,1
20033,1
11588,0
1173,0
27430,0
13381,0
29748,1
27423,0
20543,1
22074,0
2503,0
8725,0
6820,0
6445,0
21986,1
413,1
20396,1
15377,0
25602,0
17432,1
10278,0
26115,1
17048,1
18063,1
26729,1
23577,1
26326,1
15723,1
27077,0
10211,1
27399,0
14589,1
1680,0
15183,0
8755,1
21751,0
29295,0
5514,1
5857,0
7462,0
25298,0
6678,1
29983,1
24849,0
20762,1
16526,1
4111,1
21761,1
21011,1
1941,1
21099,0
19129,0
14545,1
8543,1
2779,1
17658,0
9015,1
651,1
26362,0
7331,0
28274,1
3482,1
27017,0
2692,0
14699,0
23236,0
18503,0
23422,0
630,0
1440,1
19226,1
24481,0
23706,0
9851,0
5794,1
22913,1
21133,0
15996,0
7944,1
21551,0
12097,1
22692,0
11640,1
10088,0
28689,1
19669,1
23847,0
18954,0
12032,1
10159,0
22462,0
10296,0
13069,0
533,1
28178,1
12700,0
21109,1
10654,0
11802,1
22987,0
6491,0
24013,1
12563,0
11006,0
9360,0
16121,1
28692,0
4634,0
22156,0
9427,0
2308,1
824,1
25522,0
4851,0
16919,1
11552,0
23432,1
17428,0
7346,0
8370,0
4691,1
18357,0
7541,0
29934,1
23887,0
63,1
4635,0
16888,0
21867,1
25011,1
12645,1
22212,1
29260,0
13390,0
14457,1
3586,1
3541,1
17783,0
25151,0
20763,0
5945,0
6340,1
29886,0
19042,1
17117,0
4193,1
3523,0
24068,0
19861,1
28816,1
9720,0
12165,0
4694,0
17704,0
4751,1
13281,1
5844,0
26269,0
17793,0
12447,0
28135,0
23947,0
16835,1
9891,1
21563,1
2015,0
29791,0
14564,1
13120,0
23855,1
17408,0
1534,0
14270,0
27596,1
11778,0
6190,0
23867,0
29305,0
24745,1
17958,0
6647,0
21616,1
22966,0
5456,1
5733,0
21764,1
3175,0
16090,1
20985,0
28313,0
16503,1
22316,1
12830,1
14451,1
24170,0
16801,1
24278,1
25779,0
27018,1
24452,0
21291,0
8598,1
3355,0
16032,1
22746,0
18709,0
23598,0
23111,1
24396,1
16130,0
26603,1
427,1
28528,0
5599,0
17018,1
18976,0
16549,1
26222,1
19451,0
7544,0
10945,1
26117,0
19056,1
29864,0
8889,0
14368,1
26645,0
14201,0
8853,0
15902,1
16677,1
8793,0
11299,0
20023,1
3832,1
13256,0
27817,0
27076,0
27415,0
9309,1
29103,0
5091,1
3172,0
4002,1
26974,0
5491,1
2781,1
7341,0
18636,0
28834,0
27798,0
8216,1
3505,0
19410,0
484,1
9310,0
56,0
14734,1
21760,0
28082,1
1095,1
17670,0
7992,1
21875,0
24077,1
29540,0
7398,1
6866,1
19449,0
10975,1
18208,0
7330,1
18128,0
8666,0
20530,1
8137,0
26598,0
22359,1
23399,1
10226,0
25001,1
3627,0
14133,1
13710,0
12021,1
17324,1
4873,1
25943,1
9458,1
4600,0
2856,1
3424,0
12812,0
4151,1
4258,0
23355,0
28279,0
18985,0
27082,0
2889,1
8476,1
22399,0
24620,1
17026,1
902,0
4651,0
23380,0
18427,0
13032,1
24229,1
8969,0
19777,0
5088,1
9426,1
12172,0
29581,0
23458,0
11651,1
15628,1
26711,0
16610,0
16378,0
6424,0
17113,1
25434,1
12413,1
3443,1
756,0
12404,0
19658,1
3039,0
25167,1
8381,0
1047,0
8210,1
20704,1
3287,1
4281,0
14714,0
23633,1
16211,1
17992,0
20014,0
26065,0
27622,1
26151,1
27195,0
795,1
25271,0
24750,1
19692,0
4524,0
13180,0
19480,0
27574,1
786,1
6943,1
5211,1
5603,0
21467,1
28955,0
15919,0
24061,0
15162,0
3474,0
10850,0
19202,0
880,1
17319,1
20517,0
26113,0
17663,0
22447,1
10973,1
7743,0
12422,0
13797,0
1870,1
20202,0
22488,0
2510,1
20897,0
34,0
14162,1
25841,0
1657,0
16297,1
24973,0
8202,0
345,0
4899,0
4676,0
16617,1
10076,1
11980,1
22841,0
6763,1
15175,1
12333,1
22481,0
2942,1
1226,1
14870,1
13838,0
14719,1
28806,0
19864,0
21223,0
23850,1
22486,1
8404,0
6577,1
24220,1
19030,1
17975,1
8320,0
15454,0
15528,1
26229,0
17411,0
12045,0
5022,1
21972,0
9379,0
769,1
23552,1
19317,1
13441,1
21386,1
26146,0
3858,1
29071,0
12284,0
29144,0
19073,0
631,1
6538,0
12777,0
26660,1
1794,0
12760,0
26457,1
14527,1
10435,1
9023,1
5380,0
29111,0
15116,0
13533,0
13684,0
13125,1
14217,1
13502,1
21394,1
4239,1
15891,1
9420,1
5993,1
24368,0
26581,0
9288,1
27149,0
1337,1
4985,0
28888,0
6418,0
18949,1
20836,1
29573,1
27391,0
5985,0
24327,1
19954,0
24805,0
20123,0
14890,0
26006,1
24602,1
18359,1
20828,0
19810,1
21323,0
29661,1
6449,0
6533,0
13556,0
28126,1
3418,0
8571,0
19385,0
18297,1
6361,0
4337,1
25635,0
5742,0
20807,0
25378,1
28952,1
29067,0
18669,1
24687,0
19778,0
16404,1
19831,0
24051,0
7938,0
28680,0
2925,1
6286,1
12289,1
24232,0
10963,1
3218,0
14067,1
28203,0
27324,1
6042,0
9600,1
16020,0
11539,1
6980,0
16474,1
21887,0
5728,0
29050,1
2255,0
2135,1
3335,1
9949,0
15390,0
29472,0
19025,0
26627,0
18606,0
16109,1
7142,0
16143,0
24537,0
17483,1
22201,0
15687,0
12096,0
22506,1
17726,0
22495,1
4103,0
13041,1
19214,0
20958,1
8896,1
23672,0
2901,1
18232,0
10669,0
18683,0
6742,0
29865,0
10806,1
24357,1
21309,0
8839,1
10395,1
29675,0
11354,0
19044,0
6744,1
19381,0
5917,0
11809,1
12292,0
19609,0
17242,0
767,0
19196,1
24628,1
7101,1
22761,0
28642,1
6035,1
26629,0
506,1
20319,1
26053,0
1684,1
10509,0
7069,1
25634,1
29696,1
11998,1
26757,0
29539,1
2800,0
28572,0
12833,0
26268,0
29172,0
7399,1
22248,0
17628,1
9624,0
22601,0
15353,1
14357,1
15732,0
5510,0
16940,0
3687,1
28237,0
514,1
16913,1
14885,1
18953,0
12566,0
29667,0
25113,0
14801,1
25951,0
13850,1
24117,0
26832,0
25734,0
7325,1
3522,0
25627,0
17234,1
1742,0
24258,1
11048,1
21267,1
24779,0
2329,1
7251,0
6330,0
23037,0
29346,1
29003,1
17093,0
23004,0
29969,1
1728,1
24392,0
17358,0
21118,0
10684,1
10154,1
942,0
2378,1
9869,1
24466,0
17348,0
22704,0
23275,0
7080,1
19636,1
9823,0
17868,1
22307,1
20467,0
25961,1
8265,0
29109,1
1237,1
618,0
28463,1
9388,1
26009,1
24877,1
8897,0
13721,1
28933,1
21913,0
15347,1
26158,1
13549,0
20127,0
9050,0
19311,1
2118,1
5569,0
14968,1
26123,0
1034,0
21685,1
15094,0
25654,1
10123,1
17790,1
24895,0
28498,0
525,0
14403,1
6150,1
2355,1
16243,1
5887,1
198,1
28673,1
11833,0
6789,1
912,0
22376,0
7116,1
13666,1
12374,0
16140,0
29399,1
25673,1
189,1
28306,1
5950,0
26175,1
6701,1
11431,1
2382,0
29299,1
5101,0
901,0
22497,0
27988,1
14647,1
130,1
8062,1
24150,1
9308,1
18921,1
28,0
20627,0
12293,0
2905,0
24114,1
23406,1
16786,1
8446,1
11617,1
10911,0
11573,0
18466,0
29060,1
562,0
18439,0
16980,1
7761,1
22130,0
1376,0
22971,0
26881,1
29687,0
20369,1
7760,1
13027,1
15986,1
6304,0
18545,0
5251,1
12348,0
10377,1
25977,0
28650,0
13669,1
22490,0
21147,1
21666,1
28500,1
5649,1
25371,0
1107,0
5121,0
13578,1
10893,0
25450,0
22322,0
10332,1
13463,0
11720,1
24548,0
19873,1
606,1
750,1
6156,1
5253,0
28390,0
27807,1
28324,1
6731,0
16045,1
4257,0
6240,0
10832,1
6823,0
15752,1
3557,0
18394,1
3147,1
28678,0
16548,0
14689,0
7836,1
8909,1
15945,0
19682,0
28930,0
9622,1
3484,1
26034,0
29322,0
12659,0
29082,1
7479,0
11698,1
5847,0
25036,0
14470,0
12722,0
25852,1
13398,0
11291,1
7981,0
22115,1
27595,1
881,0
19964,0
8691,0
9369,0
376,0
8027,0
9013,1
17501,1
1018,1
5551,1
20233,0
2491,0
10266,1
26492,0
19298,1
20288,1
4771,1
26461,0
10901,1
22712,0
9514,0
13162,0
28998,0
26534,0
4126,0
5734,0
6236,0
29463,0
11383,1
19362,0
19125,1
25421,1
11777,1
10639,0
1462,1
20692,0
22161,0
9066,0
28659,0
20336,1
11158,1
19222,0
18768,0
12872,0
27111,1
23944,1
11401,0
20538,0
8397,0
15693,0
21295,0
11195,1
5002,0
2368,0
13323,1
27274,1
7833,0
29486,0
9108,1
12977,1
9899,1
3078,0
3913,0
25403,0
8255,0
22394,0
1186,1
12035,1
3569,1
25531,1
4448,1
19128,0
27054,1
26742,1
14599,1
11774,1
29781,0
12674,1
14987,1
21477,0
19585,0
20979,1
21096,0
21384,0
4041,1
8327,0
21100,1
22800,0
23080,0
7388,0
9717,0
5956,1
29514,1
20337,0
13771,1
13393,0
18137,1
10110,0
16519,1
10773,1
26142,0
20774,0
23814,0
14683,1
3366,1
4594,1
28145,1
26509,0
3021,1
9908,0
11890,0
849,1
5548,0
17735,1
15985,0
15225,1
25451,1
960,1
8834,1
5782,0
6210,0
19881,0
13467,1
16451,1
6004,0
2504,1
12778,0
4569,1
2062,1
4165,1
22402,1
19858,0
7734,0
4999,0
23572,1
16891,0
16629,0
1603,0
1197,0
10847,0
1458,0
702,0
10080,0
9883,1
25126,1
8238,1
22909,1
21389,0
5868,1
3677,1
10756,1
12543,0
23482,1
28456,0
14588,1
15095,1
12129,1
27241,0
9980,1
21614,1
11979,0
23277,0
793,1
12268,0
21965,0
2475,1
8473,1
29421,1
11676,1
20716,0
17150,1
17999,1
18277,1
2754,1
20832,0
25754,1
1096,0
18783,1
13121,0
5372,1
21588,1
18274,1
11188,0
7243,0
3925,0
18816,1
25701,0
8807,1
25610,0
1884,0
27007,1
28883,0
9702,1
2943,0
8078,0
509,1
4319,0
28586,1
5688,0
11049,0
21999,0
5483,1
9000,0
28332,0
5750,0
14243,0
23978,0
1699,0
11949,0
18041,0
23842,0
7535,1
16686,1
26804,1
858,1
13970,0
25682,1
10235,1
3764,1
24665,1
16428,0
20759,0
1118,1
13518,0
3346,1
27740,1
9681,1
29289,0
17355,1
15476,1
19948,1
12622,1
9748,0
15803,1
23303,0
6752,1
25183,1
8138,0
15097,1
21053,1
19679,1
25020,0
23229,0
11003,0
5093,0
27275,1
9465,0
11359,1
17427,1
4613,0
1108,1
26392,0
5233,1
9585,1
4508,1
29453,0
3975,0
29689,1
5118,0
9250,0
2676,1
12725,1
25963,0
23630,0
99,0
7843,1
2877,1
26559,0
2208,1
17564,0
20302,0
7854,0
14430,1
25788,1
19628,0
28517,1
4218,1
14950,1
16492,1
15373,0
3044,1
2191,0
993,1
20551,0
1105,1
10592,1
11418,0
9816,1
2088,0
21241,1
26789,0
17402,0
3486,1
3240,1
20335,0
19136,1
6735,0
5604,0
24678,1
22958,0
1920,1
3863,0
328,1
1455,1
10018,1
137,0
19280,1
29115,1
1517,0
8259,0
2026,1
20277,0
6352,1
22403,1
4473,0
20715,1
24453,0
10597,1
20609,1
7306,1
20521,1
24735,0
17375,1
27909,0
4585,0
10825,0
7050,0
17908,1
20603,1
6380,1
8758,1
25766,1
28774,1
27662,1
4152,0
11596,0
29669,1
23493,0
12303,1
10224,0
3896,1
23318,1
1664,0
8427,1
15057,1
24702,0
2962,0
4549,0
11225,0
2977,0
29160,0
23784,1
1925,0
22612,0
20669,1
23328,0
22113,1
5724,1
3145,0
8965,0
8560,1
11742,1
13216,0
16554,0
7159,0
17079,1
10232,0
6446,0
9064,1
18265,1
14170,1
4401,1
6243,0
5138,0
983,0
16507,1
23700,1
11254,0
1351,1
13093,1
17264,0
12826,1
6551,1
9577,1
13136,1
27166,1
25240,1
19863,0
16357,0
4357,0
16081,0
15980,0
25092,0
9265,1
3603,0
16276,0
9573,1
8312,0
18331,0
3728,1
3436,1
27865,1
27463,0
1889,1
5471,0
19111,0
9192,0
1904,0
10271,1
16879,0
6080,0
10069,0
26064,0
10890,0
11124,1
19518,0
2492,0
7132,0
15495,0
25087,1
27040,0
17860,1
29831,1
27579,0
27635,0
4530,1
3497,0
17921,1
29771,1
29793,0
23960,1
23188,0
16453,0
16587,0
15994,0
20034,1
24727,1
12789,0
4563,0
16345,1
23396,0
28764,0
28686,1
12798,0
3835,1
7679,0
16563,1
17810,0
7788,1
22854,1
19107,1
10981,1
25289,0
2499,1
25556,1
27847,0
672,0
4785,1
23567,0
24577,0
3735,1
19379,1
12354,1
27412,0
11943,1
21090,0
10413,1
29859,1
27684,1
10014,1
26159,0
16098,1
9855,1
5597,1
14643,1
24403,0
3775,0
86,0
10348,0
12838,0
12683,1
15185,1
18476,0
19446,0
3841,0
4995,0
906,1
20914,1
16655,1
16114,0
10163,1
6175,1
16645,1
14812,0
22075,0
22411,0
11192,0
18575,0
5971,0
27187,1
25959,0
18346,0
21626,0
22155,1
9621,0
1604,0
19104,1
1790,0
2289,1
25812,0
20197,0
29570,1
12479,1
20384,0
21775,1
10295,1
6337,0
13181,0
12179,0
20764,0
12625,0
3411,1
9346,0
14322,0
17059,1
10550,1
17045,1
11089,0
17105,1
24659,0
9544,1
16538,0
15177,0
499,1
22457,0
24746,1
24138,0
29693,0
19968,0
20011,1
26668,1
28739,1
27080,1
7042,0
9539,0
27987,0
5217,0
14438,0
3723,0
1331,1
22834,0
21921,0
27697,1
19551,0
26876,0
22220,0
26116,1
27473,0
28694,0
22058,0
28905,0
27371,0
9631,1
17494,0
21436,1
25214,1
4575,1
10361,1
29512,1
8212,0
134,0
20650,1
58,1
11014,0
25357,0
18344,0
11989,0
233,0
2547,0
1070,1
16852,0
23046,1
28297,0
12944,1
7852,1
13824,1
26169,1
25934,1
12834,1
8038,0
10522,1
5704,1
28995,0
17021,1
14128,0
1062,0
11881,0
28958,1
20796,1
29937,0
1075,0
23031,1
4680,1
15305,0
8194,0
29027,0
24172,0
7644,0
15082,1
24722,1
15221,1
11026,0
12668,0
20037,0
26057,0
12854,0
25736,0
29917,0
22233,0
28725,0
5405,1
14951,1
6778,1
2699,0
18480,1
20885,0
4243,1
27985,0
19603,1
15743,0
2251,0
28610,0
4461,1
19632,0
26198,0
22499,1
2719,0
10103,1
23708,1
24378,0
13403,0
13232,1
1997,0
9173,0
22084,0
1420,0
10449,0
7397,1
7752,1
4044,1
26997,1
27417,1
4365,0
5619,1
1051,1
6887,1
2229,1
27531,1
22598,0
23435,1
23650,1
9526,0
8482,0
19738,1
1897,0
13704,1
23024,1
6656,0
19320,1
14959,0
2645,1
17,1
4905,1
24888,0
26658,1
9806,1
2636,1
13414,1
17889,1
24422,1
29891,1
16340,1
3400,1
21376,0
16851,0
10505,1
27518,1
15036,1
27479,0
29685,0
4911,1
19213,1
508,0
3131,0
18598,0
6758,0
13425,1
9340,1
23043,0
855,1
26008,1
15912,0
10663,1
16524,1
12508,1
2855,1
4881,0
18218,1
778,0
6728,0
1629,1
19725,0
16413,1
17210,0
24002,1
17019,0
23415,1
